O,1000000000000.0,Alameda,E,2.0,5.0,3.0,1.0,1.0,1.0,3.0,14.0,2011-12
O,1000000000000.0,Alameda,E,6.0,14.0,12.0,20.0,12.0,4.0,6.0,68.0,2011-12
O,1000000000000.0,Alameda,E,0.0,0.0,0.0,0.0,1.0,0.0,0.0,1.0,2011-12
O,1000000000000.0,Alameda,E,4.0,1.0,1.0,1.0,0.0,0.0,0.0,3.0,2011-12
O,1000000000000.0,Alameda,E,5.0,23.0,21.0,17.0,19.0,2.0,8.0,90.0,2011-12
O,1000000000000.0,Alameda,E,1.0,1.0,0.0,0.0,0.0,0.0,0.0,1.0,2011-12
O,1000000000000.0,Alameda,E,3.0,2.0,2.0,1.0,0.0,0.0,1.0,6.0,2011-12
O,1000000000000.0,Alameda,E,9.0,3.0,3.0,1.0,0.0,0.0,0.0,7.0,2011-12
O,1000000000000.0,Alameda,E,7.0,5.0,8.0,7.0,3.0,0.0,1.0,24.0,2011-12
O,1000000000000.0,Alameda,I,2.0,2.0,1.0,7.0,15.0,3.0,54.0,82.0,2011-12
O,1000000000000.0,Alameda,I,6.0,1.0,20.0,122.0,210.0,18.0,821.0,1192.0,2011-12
O,1000000000000.0,Alameda,I,0.0,0.0,1.0,4.0,0.0,0.0,1.0,6.0,2011-12
O,1000000000000.0,Alameda,I,4.0,0.0,1.0,3.0,11.0,0.0,32.0,47.0,2011-12
O,1000000000000.0,Alameda,I,5.0,3.0,17.0,71.0,197.0,31.0,956.0,1275.0,2011-12
O,1000000000000.0,Alameda,I,1.0,0.0,0.0,1.0,2.0,0.0,11.0,14.0,2011-12
O,1000000000000.0,Alameda,I,3.0,0.0,0.0,2.0,6.0,1.0,41.0,50.0,2011-12
O,1000000000000.0,Alameda,I,9.0,0.0,0.0,3.0,9.0,1.0,52.0,65.0,2011-12
O,1000000000000.0,Alameda,I,7.0,0.0,3.0,12.0,46.0,8.0,209.0,278.0,2011-12
O,1000000000000.0,Alameda,O,2.0,40.0,105.0,152.0,342.0,65.0,283.0,987.0,2011-12
O,1000000000000.0,Alameda,O,6.0,143.0,424.0,1393.0,3093.0,331.0,2283.0,7667.0,2011-12
O,1000000000000.0,Alameda,O,0.0,0.0,9.0,30.0,49.0,4.0,30.0,122.0,2011-12
O,1000000000000.0,Alameda,O,4.0,9.0,47.0,53.0,101.0,19.0,102.0,331.0,2011-12
O,1000000000000.0,Alameda,O,5.0,195.0,801.0,863.0,2345.0,354.0,2346.0,6904.0,2011-12
O,1000000000000.0,Alameda,O,1.0,4.0,10.0,10.0,45.0,4.0,39.0,112.0,2011-12
O,1000000000000.0,Alameda,O,3.0,10.0,41.0,62.0,122.0,17.0,92.0,344.0,2011-12
O,1000000000000.0,Alameda,O,9.0,18.0,70.0,71.0,170.0,22.0,162.0,513.0,2011-12
O,1000000000000.0,Alameda,O,7.0,111.0,410.0,457.0,746.0,182.0,769.0,2675.0,2011-12
O,2000000000000.0,Alpine,I,1.0,0.0,0.0,0.0,2.0,0.0,2.0,4.0,2011-12
O,2000000000000.0,Alpine,I,9.0,0.0,0.0,0.0,1.0,0.0,0.0,1.0,2011-12
O,2000000000000.0,Alpine,I,7.0,0.0,0.0,0.0,3.0,0.0,1.0,4.0,2011-12
O,2000000000000.0,Alpine,O,1.0,0.0,0.0,0.0,4.0,0.0,7.0,11.0,2011-12
O,2000000000000.0,Alpine,O,9.0,0.0,0.0,0.0,0.0,0.0,0.0,0.0,2011-12
O,2000000000000.0,Alpine,O,7.0,0.0,0.0,0.0,2.0,0.0,2.0,4.0,2011-12
O,3000000000000.0,Amador,I,2.0,0.0,0.0,0.0,0.0,0.0,1.0,1.0,2011-12
O,3000000000000.0,Amador,I,6.0,0.0,0.0,0.0,0.0,0.0,2.0,2.0,2011-12
O,3000000000000.0,Amador,I,0.0,0.0,0.0,0.0,0.0,0.0,2.0,2.0,2011-12
O,3000000000000.0,Amador,I,4.0,0.0,0.0,0.0,0.0,0.0,0.0,0.0,2011-12
O,3000000000000.0,Amador,I,5.0,0.0,0.0,1.0,2.0,2.0,7.0,12.0,2011-12
O,3000000000000.0,Amador,I,1.0,0.0,0.0,0.0,2.0,0.0,3.0,5.0,2011-12
O,3000000000000.0,Amador,I,3.0,0.0,0.0,0.0,0.0,0.0,5.0,5.0,2011-12
O,3000000000000.0,Amador,I,9.0,0.0,0.0,0.0,2.0,0.0,4.0,6.0,2011-12
O,3000000000000.0,Amador,I,7.0,0.0,1.0,0.0,14.0,1.0,61.0,77.0,2011-12
O,3000000000000.0,Amador,O,2.0,0.0,0.0,0.0,3.0,0.0,2.0,5.0,2011-12
O,3000000000000.0,Amador,O,6.0,0.0,0.0,0.0,1.0,1.0,2.0,4.0,2011-12
O,3000000000000.0,Amador,O,0.0,0.0,2.0,1.0,3.0,0.0,2.0,8.0,2011-12
O,3000000000000.0,Amador,O,4.0,0.0,0.0,0.0,3.0,0.0,0.0,3.0,2011-12
O,3000000000000.0,Amador,O,5.0,1.0,12.0,14.0,28.0,5.0,30.0,90.0,2011-12
O,3000000000000.0,Amador,O,1.0,0.0,1.0,1.0,10.0,0.0,13.0,25.0,2011-12
O,3000000000000.0,Amador,O,3.0,0.0,0.0,0.0,0.0,0.0,7.0,7.0,2011-12
O,3000000000000.0,Amador,O,9.0,1.0,1.0,3.0,11.0,0.0,16.0,32.0,2011-12
O,3000000000000.0,Amador,O,7.0,4.0,56.0,53.0,124.0,18.0,150.0,405.0,2011-12
O,4000000000000.0,Butte,E,2.0,3.0,0.0,3.0,6.0,0.0,0.0,12.0,2011-12
O,4000000000000.0,Butte,E,6.0,4.0,5.0,2.0,5.0,1.0,1.0,18.0,2011-12
O,4000000000000.0,Butte,E,5.0,9.0,9.0,15.0,18.0,3.0,7.0,61.0,2011-12
O,4000000000000.0,Butte,E,1.0,0.0,3.0,3.0,3.0,0.0,3.0,12.0,2011-12
O,4000000000000.0,Butte,E,9.0,2.0,0.0,0.0,1.0,0.0,1.0,4.0,2011-12
O,4000000000000.0,Butte,E,7.0,23.0,39.0,12.0,35.0,3.0,15.0,127.0,2011-12
O,4000000000000.0,Butte,I,2.0,0.0,2.0,1.0,8.0,1.0,11.0,23.0,2011-12
O,4000000000000.0,Butte,I,6.0,2.0,7.0,4.0,39.0,1.0,55.0,108.0,2011-12
O,4000000000000.0,Butte,I,0.0,2.0,0.0,1.0,7.0,1.0,2.0,13.0,2011-12
O,4000000000000.0,Butte,I,4.0,0.0,0.0,0.0,0.0,0.0,0.0,0.0,2011-12
O,4000000000000.0,Butte,I,5.0,6.0,28.0,13.0,89.0,8.0,182.0,326.0,2011-12
O,4000000000000.0,Butte,I,1.0,0.0,2.0,2.0,31.0,5.0,39.0,79.0,2011-12
O,4000000000000.0,Butte,I,3.0,0.0,0.0,0.0,3.0,0.0,3.0,6.0,2011-12
O,4000000000000.0,Butte,I,9.0,0.0,1.0,2.0,18.0,0.0,33.0,54.0,2011-12
O,4000000000000.0,Butte,I,7.0,32.0,45.0,38.0,271.0,24.0,416.0,826.0,2011-12
O,4000000000000.0,Butte,O,2.0,1.0,5.0,3.0,24.0,7.0,44.0,84.0,2011-12
O,4000000000000.0,Butte,O,6.0,6.0,15.0,23.0,152.0,10.0,203.0,409.0,2011-12
O,4000000000000.0,Butte,O,0.0,0.0,3.0,2.0,2.0,2.0,2.0,11.0,2011-12
O,4000000000000.0,Butte,O,4.0,0.0,2.0,0.0,2.0,0.0,3.0,7.0,2011-12
O,4000000000000.0,Butte,O,5.0,16.0,78.0,93.0,316.0,31.0,443.0,977.0,2011-12
O,4000000000000.0,Butte,O,1.0,4.0,11.0,13.0,91.0,4.0,167.0,290.0,2011-12
O,4000000000000.0,Butte,O,3.0,0.0,0.0,1.0,4.0,1.0,5.0,11.0,2011-12
O,4000000000000.0,Butte,O,9.0,6.0,4.0,13.0,96.0,3.0,139.0,261.0,2011-12
O,4000000000000.0,Butte,O,7.0,81.0,184.0,221.0,1089.0,87.0,1424.0,3086.0,2011-12
O,5000000000000.0,Calaveras,E,7.0,0.0,1.0,0.0,1.0,0.0,0.0,2.0,2011-12
O,5000000000000.0,Calaveras,I,6.0,0.0,0.0,0.0,0.0,0.0,0.0,0.0,2011-12
O,5000000000000.0,Calaveras,I,4.0,0.0,0.0,0.0,0.0,0.0,0.0,0.0,2011-12
O,5000000000000.0,Calaveras,I,5.0,1.0,2.0,0.0,21.0,13.0,155.0,192.0,2011-12
O,5000000000000.0,Calaveras,I,1.0,1.0,0.0,1.0,2.0,2.0,28.0,34.0,2011-12
O,5000000000000.0,Calaveras,I,3.0,0.0,0.0,0.0,0.0,0.0,0.0,0.0,2011-12
O,5000000000000.0,Calaveras,I,9.0,0.0,1.0,0.0,0.0,2.0,10.0,13.0,2011-12
O,5000000000000.0,Calaveras,I,7.0,2.0,1.0,5.0,43.0,27.0,292.0,370.0,2011-12
O,5000000000000.0,Calaveras,O,6.0,0.0,0.0,0.0,0.0,1.0,0.0,1.0,2011-12
O,5000000000000.0,Calaveras,O,4.0,0.0,0.0,0.0,0.0,0.0,1.0,1.0,2011-12
O,5000000000000.0,Calaveras,O,5.0,3.0,13.0,11.0,33.0,6.0,62.0,128.0,2011-12
O,5000000000000.0,Calaveras,O,1.0,1.0,3.0,2.0,13.0,2.0,16.0,37.0,2011-12
O,5000000000000.0,Calaveras,O,3.0,0.0,0.0,0.0,1.0,0.0,0.0,1.0,2011-12
O,5000000000000.0,Calaveras,O,9.0,0.0,1.0,1.0,1.0,0.0,7.0,10.0,2011-12
O,5000000000000.0,Calaveras,O,7.0,20.0,70.0,37.0,134.0,46.0,243.0,550.0,2011-12
O,6000000000000.0,Colusa,E,6.0,2.0,0.0,1.0,0.0,0.0,0.0,3.0,2011-12
O,6000000000000.0,Colusa,E,5.0,2.0,10.0,2.0,1.0,0.0,1.0,16.0,2011-12
O,6000000000000.0,Colusa,E,1.0,1.0,1.0,0.0,0.0,0.0,0.0,2.0,2011-12
O,6000000000000.0,Colusa,E,3.0,0.0,1.0,0.0,0.0,0.0,0.0,1.0,2011-12
O,6000000000000.0,Colusa,E,7.0,2.0,8.0,0.0,0.0,0.0,0.0,10.0,2011-12
O,6000000000000.0,Colusa,I,2.0,0.0,0.0,0.0,0.0,0.0,0.0,0.0,2011-12
O,6000000000000.0,Colusa,I,6.0,0.0,0.0,0.0,0.0,0.0,0.0,0.0,2011-12
O,6000000000000.0,Colusa,I,4.0,0.0,0.0,0.0,0.0,0.0,0.0,0.0,2011-12
O,6000000000000.0,Colusa,I,5.0,0.0,0.0,2.0,7.0,0.0,13.0,22.0,2011-12
O,6000000000000.0,Colusa,I,1.0,0.0,0.0,0.0,0.0,0.0,0.0,0.0,2011-12
O,6000000000000.0,Colusa,I,3.0,0.0,0.0,0.0,0.0,0.0,0.0,0.0,2011-12
O,6000000000000.0,Colusa,I,7.0,0.0,0.0,3.0,3.0,1.0,6.0,13.0,2011-12
O,6000000000000.0,Colusa,O,2.0,0.0,0.0,0.0,1.0,0.0,0.0,1.0,2011-12
O,6000000000000.0,Colusa,O,6.0,1.0,1.0,2.0,9.0,2.0,30.0,45.0,2011-12
O,6000000000000.0,Colusa,O,4.0,1.0,1.0,0.0,0.0,0.0,0.0,2.0,2011-12
O,6000000000000.0,Colusa,O,5.0,7.0,39.0,25.0,76.0,19.0,115.0,281.0,2011-12
O,6000000000000.0,Colusa,O,1.0,1.0,2.0,0.0,1.0,0.0,3.0,7.0,2011-12
O,6000000000000.0,Colusa,O,3.0,0.0,2.0,0.0,0.0,0.0,0.0,2.0,2011-12
O,6000000000000.0,Colusa,O,7.0,4.0,12.0,6.0,14.0,7.0,13.0,56.0,2011-12
O,7000000000000.0,Contra Costa,E,2.0,0.0,2.0,2.0,0.0,0.0,1.0,5.0,2011-12
O,7000000000000.0,Contra Costa,E,6.0,8.0,11.0,27.0,5.0,1.0,1.0,53.0,2011-12
O,7000000000000.0,Contra Costa,E,0.0,0.0,0.0,0.0,1.0,0.0,0.0,1.0,2011-12
O,7000000000000.0,Contra Costa,E,4.0,0.0,2.0,0.0,0.0,0.0,1.0,3.0,2011-12
O,7000000000000.0,Contra Costa,E,5.0,10.0,24.0,17.0,14.0,1.0,1.0,67.0,2011-12
O,7000000000000.0,Contra Costa,E,1.0,0.0,1.0,0.0,1.0,0.0,0.0,2.0,2011-12
O,7000000000000.0,Contra Costa,E,3.0,0.0,0.0,1.0,0.0,0.0,0.0,1.0,2011-12
O,7000000000000.0,Contra Costa,E,9.0,0.0,3.0,1.0,0.0,0.0,0.0,4.0,2011-12
O,7000000000000.0,Contra Costa,E,7.0,12.0,17.0,4.0,7.0,0.0,4.0,44.0,2011-12
O,7000000000000.0,Contra Costa,I,2.0,2.0,0.0,3.0,25.0,1.0,53.0,84.0,2011-12
O,7000000000000.0,Contra Costa,I,6.0,0.0,1.0,12.0,126.0,14.0,646.0,799.0,2011-12
O,7000000000000.0,Contra Costa,I,0.0,0.0,0.0,0.0,2.0,1.0,12.0,15.0,2011-12
O,7000000000000.0,Contra Costa,I,4.0,0.0,1.0,1.0,15.0,2.0,42.0,61.0,2011-12
O,7000000000000.0,Contra Costa,I,5.0,11.0,2.0,22.0,222.0,17.0,1305.0,1579.0,2011-12
O,7000000000000.0,Contra Costa,I,1.0,0.0,0.0,0.0,3.0,1.0,15.0,19.0,2011-12
O,7000000000000.0,Contra Costa,I,3.0,0.0,0.0,0.0,6.0,3.0,40.0,49.0,2011-12
O,7000000000000.0,Contra Costa,I,9.0,0.0,0.0,1.0,23.0,5.0,156.0,185.0,2011-12
O,7000000000000.0,Contra Costa,I,7.0,3.0,1.0,17.0,188.0,23.0,841.0,1073.0,2011-12
O,7000000000000.0,Contra Costa,O,2.0,14.0,35.0,70.0,139.0,39.0,185.0,482.0,2011-12
O,7000000000000.0,Contra Costa,O,6.0,71.0,278.0,756.0,1889.0,165.0,3034.0,6193.0,2011-12
O,7000000000000.0,Contra Costa,O,0.0,1.0,7.0,8.0,42.0,4.0,39.0,101.0,2011-12
O,7000000000000.0,Contra Costa,O,4.0,5.0,30.0,20.0,79.0,17.0,115.0,266.0,2011-12
O,7000000000000.0,Contra Costa,O,5.0,218.0,609.0,681.0,1978.0,227.0,3326.0,7039.0,2011-12
O,7000000000000.0,Contra Costa,O,1.0,6.0,9.0,13.0,26.0,0.0,46.0,100.0,2011-12
O,7000000000000.0,Contra Costa,O,3.0,2.0,14.0,16.0,55.0,8.0,56.0,151.0,2011-12
O,7000000000000.0,Contra Costa,O,9.0,10.0,27.0,23.0,114.0,12.0,103.0,289.0,2011-12
O,7000000000000.0,Contra Costa,O,7.0,123.0,508.0,366.0,1167.0,105.0,1366.0,3635.0,2011-12
O,8000000000000.0,Del Norte,E,1.0,0.0,0.0,1.0,0.0,0.0,0.0,1.0,2011-12
O,8000000000000.0,Del Norte,I,2.0,0.0,4.0,0.0,1.0,1.0,1.0,7.0,2011-12
O,8000000000000.0,Del Norte,I,6.0,0.0,1.0,2.0,1.0,1.0,0.0,5.0,2011-12
O,8000000000000.0,Del Norte,I,4.0,0.0,0.0,0.0,0.0,0.0,0.0,0.0,2011-12
O,8000000000000.0,Del Norte,I,5.0,0.0,2.0,7.0,3.0,1.0,16.0,29.0,2011-12
O,8000000000000.0,Del Norte,I,1.0,0.0,0.0,7.0,7.0,1.0,11.0,26.0,2011-12
O,8000000000000.0,Del Norte,I,9.0,0.0,0.0,0.0,0.0,0.0,0.0,0.0,2011-12
O,8000000000000.0,Del Norte,I,7.0,0.0,7.0,29.0,19.0,5.0,63.0,123.0,2011-12
O,8000000000000.0,Del Norte,O,2.0,0.0,3.0,10.0,2.0,0.0,4.0,19.0,2011-12
O,8000000000000.0,Del Norte,O,6.0,0.0,0.0,6.0,1.0,2.0,6.0,15.0,2011-12
O,8000000000000.0,Del Norte,O,4.0,0.0,0.0,1.0,0.0,0.0,1.0,2.0,2011-12
O,8000000000000.0,Del Norte,O,5.0,0.0,6.0,34.0,6.0,4.0,50.0,100.0,2011-12
O,8000000000000.0,Del Norte,O,1.0,0.0,7.0,62.0,30.0,4.0,90.0,193.0,2011-12
O,8000000000000.0,Del Norte,O,9.0,1.0,0.0,10.0,1.0,2.0,2.0,16.0,2011-12
O,8000000000000.0,Del Norte,O,7.0,2.0,23.0,139.0,66.0,19.0,226.0,475.0,2011-12
O,9000000000000.0,El Dorado,E,5.0,1.0,9.0,2.0,3.0,0.0,1.0,16.0,2011-12
O,9000000000000.0,El Dorado,E,1.0,0.0,1.0,0.0,1.0,0.0,0.0,2.0,2011-12
O,9000000000000.0,El Dorado,E,9.0,0.0,2.0,0.0,1.0,0.0,0.0,3.0,2011-12
O,9000000000000.0,El Dorado,E,7.0,12.0,18.0,6.0,6.0,1.0,1.0,44.0,2011-12
O,9000000000000.0,El Dorado,I,2.0,1.0,1.0,2.0,1.0,2.0,9.0,16.0,2011-12
O,9000000000000.0,El Dorado,I,6.0,0.0,0.0,0.0,4.0,3.0,16.0,23.0,2011-12
O,9000000000000.0,El Dorado,I,0.0,0.0,0.0,0.0,0.0,2.0,7.0,9.0,2011-12
O,9000000000000.0,El Dorado,I,4.0,0.0,1.0,0.0,0.0,1.0,4.0,6.0,2011-12
O,9000000000000.0,El Dorado,I,5.0,1.0,2.0,6.0,40.0,6.0,182.0,237.0,2011-12
O,9000000000000.0,El Dorado,I,1.0,0.0,2.0,1.0,0.0,4.0,35.0,42.0,2011-12
O,9000000000000.0,El Dorado,I,3.0,0.0,0.0,0.0,4.0,3.0,14.0,21.0,2011-12
O,9000000000000.0,El Dorado,I,9.0,0.0,0.0,0.0,8.0,4.0,34.0,46.0,2011-12
O,9000000000000.0,El Dorado,I,7.0,1.0,15.0,8.0,113.0,104.0,600.0,841.0,2011-12
O,9000000000000.0,El Dorado,O,2.0,1.0,2.0,1.0,6.0,1.0,9.0,20.0,2011-12
O,9000000000000.0,El Dorado,O,6.0,2.0,2.0,0.0,62.0,2.0,49.0,117.0,2011-12
O,9000000000000.0,El Dorado,O,0.0,0.0,1.0,0.0,2.0,0.0,2.0,5.0,2011-12
O,9000000000000.0,El Dorado,O,4.0,0.0,1.0,2.0,7.0,1.0,8.0,19.0,2011-12
O,9000000000000.0,El Dorado,O,5.0,8.0,83.0,20.0,198.0,34.0,201.0,544.0,2011-12
O,9000000000000.0,El Dorado,O,1.0,3.0,5.0,1.0,7.0,1.0,34.0,51.0,2011-12
O,9000000000000.0,El Dorado,O,3.0,0.0,1.0,1.0,7.0,0.0,6.0,15.0,2011-12
O,9000000000000.0,El Dorado,O,9.0,2.0,9.0,3.0,41.0,2.0,42.0,99.0,2011-12
O,9000000000000.0,El Dorado,O,7.0,40.0,253.0,59.0,555.0,67.0,505.0,1479.0,2011-12
O,10000000000000.0,Fresno,E,2.0,4.0,22.0,18.0,6.0,1.0,1.0,52.0,2011-12
O,10000000000000.0,Fresno,E,6.0,9.0,21.0,57.0,64.0,3.0,8.0,162.0,2011-12
O,10000000000000.0,Fresno,E,0.0,1.0,2.0,0.0,5.0,1.0,0.0,9.0,2011-12
O,10000000000000.0,Fresno,E,4.0,0.0,0.0,1.0,0.0,0.0,0.0,1.0,2011-12
O,10000000000000.0,Fresno,E,5.0,61.0,114.0,114.0,138.0,14.0,44.0,485.0,2011-12
O,10000000000000.0,Fresno,E,1.0,1.0,0.0,2.0,3.0,1.0,2.0,9.0,2011-12
O,10000000000000.0,Fresno,E,3.0,0.0,0.0,0.0,1.0,0.0,0.0,1.0,2011-12
O,10000000000000.0,Fresno,E,9.0,0.0,1.0,2.0,2.0,0.0,1.0,6.0,2011-12
O,10000000000000.0,Fresno,E,7.0,11.0,41.0,15.0,20.0,5.0,6.0,98.0,2011-12
O,10000000000000.0,Fresno,I,2.0,0.0,0.0,5.0,8.0,6.0,35.0,54.0,2011-12
O,10000000000000.0,Fresno,I,6.0,0.0,0.0,4.0,19.0,8.0,92.0,123.0,2011-12
O,10000000000000.0,Fresno,I,0.0,1.0,0.0,0.0,1.0,0.0,7.0,9.0,2011-12
O,10000000000000.0,Fresno,I,4.0,0.0,0.0,0.0,0.0,0.0,2.0,2.0,2011-12
O,10000000000000.0,Fresno,I,5.0,6.0,6.0,49.0,179.0,38.0,1164.0,1442.0,2011-12
O,10000000000000.0,Fresno,I,1.0,0.0,1.0,1.0,3.0,1.0,17.0,23.0,2011-12
O,10000000000000.0,Fresno,I,3.0,0.0,0.0,0.0,0.0,0.0,0.0,0.0,2011-12
O,10000000000000.0,Fresno,I,9.0,0.0,0.0,0.0,3.0,0.0,24.0,27.0,2011-12
O,10000000000000.0,Fresno,I,7.0,2.0,4.0,17.0,51.0,40.0,403.0,517.0,2011-12
O,10000000000000.0,Fresno,O,2.0,23.0,71.0,42.0,352.0,51.0,311.0,850.0,2011-12
O,10000000000000.0,Fresno,O,6.0,60.0,264.0,182.0,2472.0,158.0,1759.0,4895.0,2011-12
O,10000000000000.0,Fresno,O,0.0,6.0,25.0,5.0,71.0,4.0,79.0,190.0,2011-12
O,10000000000000.0,Fresno,O,4.0,2.0,5.0,6.0,21.0,3.0,15.0,52.0,2011-12
O,10000000000000.0,Fresno,O,5.0,344.0,1493.0,1060.0,6694.0,534.0,7267.0,17392.0,2011-12
O,10000000000000.0,Fresno,O,1.0,8.0,39.0,16.0,118.0,19.0,170.0,370.0,2011-12
O,10000000000000.0,Fresno,O,3.0,1.0,3.0,0.0,8.0,2.0,14.0,28.0,2011-12
O,10000000000000.0,Fresno,O,9.0,8.0,21.0,16.0,107.0,11.0,112.0,275.0,2011-12
O,10000000000000.0,Fresno,O,7.0,97.0,332.0,197.0,1409.0,190.0,1685.0,3910.0,2011-12
O,11000000000000.0,Glenn,E,5.0,1.0,0.0,2.0,5.0,0.0,0.0,8.0,2011-12
O,11000000000000.0,Glenn,E,7.0,1.0,0.0,0.0,1.0,0.0,0.0,2.0,2011-12
O,11000000000000.0,Glenn,I,2.0,0.0,0.0,0.0,0.0,0.0,1.0,1.0,2011-12
O,11000000000000.0,Glenn,I,6.0,0.0,0.0,0.0,1.0,1.0,1.0,3.0,2011-12
O,11000000000000.0,Glenn,I,0.0,0.0,0.0,0.0,0.0,0.0,0.0,0.0,2011-12
O,11000000000000.0,Glenn,I,5.0,1.0,5.0,1.0,33.0,5.0,69.0,114.0,2011-12
O,11000000000000.0,Glenn,I,1.0,0.0,0.0,0.0,0.0,0.0,3.0,3.0,2011-12
O,11000000000000.0,Glenn,I,9.0,0.0,0.0,0.0,0.0,0.0,0.0,0.0,2011-12
O,11000000000000.0,Glenn,I,7.0,0.0,1.0,3.0,34.0,4.0,42.0,84.0,2011-12
O,11000000000000.0,Glenn,O,2.0,0.0,0.0,0.0,2.0,1.0,0.0,3.0,2011-12
O,11000000000000.0,Glenn,O,6.0,1.0,1.0,0.0,0.0,0.0,0.0,2.0,2011-12
O,11000000000000.0,Glenn,O,0.0,0.0,1.0,0.0,1.0,0.0,0.0,2.0,2011-12
O,11000000000000.0,Glenn,O,5.0,14.0,33.0,16.0,91.0,17.0,56.0,227.0,2011-12
O,11000000000000.0,Glenn,O,1.0,0.0,2.0,4.0,4.0,1.0,2.0,13.0,2011-12
O,11000000000000.0,Glenn,O,9.0,0.0,0.0,0.0,1.0,0.0,0.0,1.0,2011-12
O,11000000000000.0,Glenn,O,7.0,9.0,24.0,17.0,67.0,15.0,64.0,196.0,2011-12
O,12000000000000.0,Humboldt,E,6.0,0.0,1.0,0.0,0.0,0.0,1.0,2.0,2011-12
O,12000000000000.0,Humboldt,E,5.0,0.0,0.0,0.0,1.0,0.0,0.0,1.0,2011-12
O,12000000000000.0,Humboldt,E,1.0,1.0,1.0,0.0,0.0,0.0,0.0,2.0,2011-12
O,12000000000000.0,Humboldt,E,7.0,1.0,1.0,1.0,1.0,1.0,0.0,5.0,2011-12
O,12000000000000.0,Humboldt,I,2.0,0.0,0.0,0.0,0.0,0.0,1.0,1.0,2011-12
O,12000000000000.0,Humboldt,I,6.0,0.0,0.0,0.0,0.0,0.0,4.0,4.0,2011-12
O,12000000000000.0,Humboldt,I,0.0,0.0,0.0,1.0,0.0,0.0,1.0,2.0,2011-12
O,12000000000000.0,Humboldt,I,4.0,0.0,0.0,0.0,0.0,0.0,0.0,0.0,2011-12
O,12000000000000.0,Humboldt,I,5.0,1.0,0.0,0.0,4.0,1.0,71.0,77.0,2011-12
O,12000000000000.0,Humboldt,I,1.0,0.0,1.0,0.0,2.0,2.0,27.0,32.0,2011-12
O,12000000000000.0,Humboldt,I,3.0,0.0,0.0,0.0,0.0,0.0,2.0,2.0,2011-12
O,12000000000000.0,Humboldt,I,9.0,0.0,0.0,1.0,6.0,2.0,1.0,10.0,2011-12
O,12000000000000.0,Humboldt,I,7.0,0.0,1.0,0.0,19.0,5.0,187.0,212.0,2011-12
O,12000000000000.0,Humboldt,O,2.0,0.0,1.0,0.0,0.0,0.0,2.0,3.0,2011-12
O,12000000000000.0,Humboldt,O,6.0,0.0,6.0,7.0,12.0,2.0,17.0,44.0,2011-12
O,12000000000000.0,Humboldt,O,0.0,2.0,9.0,5.0,7.0,1.0,3.0,27.0,2011-12
O,12000000000000.0,Humboldt,O,4.0,0.0,0.0,0.0,2.0,0.0,0.0,2.0,2011-12
O,12000000000000.0,Humboldt,O,5.0,4.0,33.0,12.0,50.0,8.0,76.0,183.0,2011-12
O,12000000000000.0,Humboldt,O,1.0,4.0,19.0,11.0,108.0,14.0,80.0,236.0,2011-12
O,12000000000000.0,Humboldt,O,3.0,0.0,0.0,0.0,2.0,0.0,0.0,2.0,2011-12
O,12000000000000.0,Humboldt,O,9.0,1.0,3.0,4.0,20.0,0.0,26.0,54.0,2011-12
O,12000000000000.0,Humboldt,O,7.0,16.0,90.0,43.0,199.0,21.0,245.0,614.0,2011-12
O,13000000000000.0,Imperial,E,6.0,1.0,1.0,1.0,0.0,0.0,0.0,3.0,2011-12
O,13000000000000.0,Imperial,E,5.0,7.0,11.0,3.0,10.0,1.0,4.0,36.0,2011-12
O,13000000000000.0,Imperial,E,1.0,0.0,0.0,1.0,0.0,0.0,0.0,1.0,2011-12
O,13000000000000.0,Imperial,I,2.0,0.0,0.0,0.0,0.0,0.0,13.0,13.0,2011-12
O,13000000000000.0,Imperial,I,6.0,0.0,0.0,3.0,8.0,1.0,143.0,155.0,2011-12
O,13000000000000.0,Imperial,I,0.0,0.0,0.0,0.0,2.0,0.0,17.0,19.0,2011-12
O,13000000000000.0,Imperial,I,4.0,0.0,0.0,0.0,0.0,0.0,1.0,1.0,2011-12
O,13000000000000.0,Imperial,I,5.0,15.0,13.0,56.0,536.0,103.0,5905.0,6628.0,2011-12
O,13000000000000.0,Imperial,I,1.0,1.0,0.0,47.0,29.0,12.0,175.0,264.0,2011-12
O,13000000000000.0,Imperial,I,3.0,0.0,1.0,0.0,0.0,0.0,5.0,6.0,2011-12
O,13000000000000.0,Imperial,I,9.0,2.0,0.0,11.0,5.0,3.0,38.0,59.0,2011-12
O,13000000000000.0,Imperial,I,7.0,1.0,1.0,1.0,21.0,3.0,222.0,249.0,2011-12
O,13000000000000.0,Imperial,O,2.0,0.0,0.0,2.0,4.0,0.0,5.0,11.0,2011-12
O,13000000000000.0,Imperial,O,6.0,2.0,1.0,2.0,25.0,3.0,39.0,72.0,2011-12
O,13000000000000.0,Imperial,O,0.0,0.0,0.0,3.0,4.0,0.0,2.0,9.0,2011-12
O,13000000000000.0,Imperial,O,4.0,0.0,0.0,0.0,0.0,0.0,0.0,0.0,2011-12
O,13000000000000.0,Imperial,O,5.0,84.0,253.0,263.0,912.0,166.0,1485.0,3163.0,2011-12
O,13000000000000.0,Imperial,O,1.0,10.0,7.0,25.0,14.0,2.0,74.0,132.0,2011-12
O,13000000000000.0,Imperial,O,3.0,0.0,0.0,1.0,0.0,0.0,0.0,1.0,2011-12
O,13000000000000.0,Imperial,O,9.0,0.0,1.0,3.0,4.0,0.0,2.0,10.0,2011-12
O,13000000000000.0,Imperial,O,7.0,4.0,12.0,23.0,46.0,18.0,97.0,200.0,2011-12
O,14000000000000.0,Inyo,I,6.0,0.0,0.0,0.0,0.0,0.0,0.0,0.0,2011-12
O,14000000000000.0,Inyo,I,0.0,0.0,0.0,0.0,7.0,0.0,3.0,10.0,2011-12
O,14000000000000.0,Inyo,I,5.0,0.0,0.0,0.0,13.0,0.0,13.0,26.0,2011-12
O,14000000000000.0,Inyo,I,1.0,0.0,0.0,2.0,14.0,3.0,14.0,33.0,2011-12
O,14000000000000.0,Inyo,I,3.0,0.0,0.0,0.0,0.0,0.0,0.0,0.0,2011-12
O,14000000000000.0,Inyo,I,9.0,0.0,0.0,0.0,1.0,0.0,3.0,4.0,2011-12
O,14000000000000.0,Inyo,I,7.0,0.0,0.0,0.0,9.0,0.0,11.0,20.0,2011-12
O,14000000000000.0,Inyo,O,6.0,0.0,0.0,0.0,1.0,0.0,0.0,1.0,2011-12
O,14000000000000.0,Inyo,O,0.0,0.0,0.0,0.0,5.0,1.0,1.0,7.0,2011-12
O,14000000000000.0,Inyo,O,5.0,2.0,9.0,1.0,40.0,3.0,27.0,82.0,2011-12
O,14000000000000.0,Inyo,O,1.0,8.0,4.0,6.0,53.0,5.0,56.0,132.0,2011-12
O,14000000000000.0,Inyo,O,3.0,0.0,0.0,0.0,2.0,0.0,0.0,2.0,2011-12
O,14000000000000.0,Inyo,O,9.0,0.0,0.0,1.0,3.0,0.0,2.0,6.0,2011-12
O,14000000000000.0,Inyo,O,7.0,3.0,6.0,2.0,50.0,4.0,27.0,92.0,2011-12
O,15000000000000.0,Kern,E,2.0,0.0,0.0,0.0,1.0,0.0,0.0,1.0,2011-12
O,15000000000000.0,Kern,E,6.0,6.0,13.0,15.0,27.0,4.0,10.0,75.0,2011-12
O,15000000000000.0,Kern,E,0.0,0.0,1.0,0.0,0.0,0.0,0.0,1.0,2011-12
O,15000000000000.0,Kern,E,4.0,0.0,1.0,0.0,0.0,0.0,0.0,1.0,2011-12
O,15000000000000.0,Kern,E,5.0,21.0,80.0,36.0,52.0,4.0,20.0,213.0,2011-12
O,15000000000000.0,Kern,E,1.0,2.0,3.0,0.0,2.0,0.0,1.0,8.0,2011-12
O,15000000000000.0,Kern,E,9.0,0.0,1.0,0.0,0.0,0.0,0.0,1.0,2011-12
O,15000000000000.0,Kern,E,7.0,9.0,42.0,10.0,17.0,6.0,7.0,91.0,2011-12
O,15000000000000.0,Kern,I,2.0,0.0,0.0,0.0,3.0,1.0,15.0,19.0,2011-12
O,15000000000000.0,Kern,I,6.0,0.0,3.0,23.0,81.0,8.0,243.0,358.0,2011-12
O,15000000000000.0,Kern,I,0.0,0.0,0.0,0.0,2.0,0.0,14.0,16.0,2011-12
O,15000000000000.0,Kern,I,4.0,0.0,0.0,0.0,5.0,2.0,12.0,19.0,2011-12
O,15000000000000.0,Kern,I,5.0,10.0,3.0,22.0,126.0,18.0,797.0,976.0,2011-12
O,15000000000000.0,Kern,I,1.0,0.0,0.0,1.0,4.0,1.0,27.0,33.0,2011-12
O,15000000000000.0,Kern,I,3.0,1.0,0.0,0.0,3.0,0.0,7.0,11.0,2011-12
O,15000000000000.0,Kern,I,9.0,0.0,0.0,1.0,9.0,2.0,31.0,43.0,2011-12
O,15000000000000.0,Kern,I,7.0,4.0,2.0,64.0,228.0,41.0,656.0,995.0,2011-12
O,15000000000000.0,Kern,O,2.0,0.0,2.0,7.0,61.0,4.0,74.0,148.0,2011-12
O,15000000000000.0,Kern,O,6.0,56.0,89.0,238.0,1497.0,133.0,2010.0,4023.0,2011-12
O,15000000000000.0,Kern,O,0.0,0.0,0.0,9.0,13.0,1.0,13.0,36.0,2011-12
O,15000000000000.0,Kern,O,4.0,4.0,3.0,6.0,27.0,4.0,26.0,70.0,2011-12
O,15000000000000.0,Kern,O,5.0,273.0,413.0,613.0,3774.0,461.0,5561.0,11095.0,2011-12
O,15000000000000.0,Kern,O,1.0,4.0,7.0,12.0,87.0,10.0,119.0,239.0,2011-12
O,15000000000000.0,Kern,O,3.0,4.0,0.0,4.0,18.0,3.0,20.0,49.0,2011-12
O,15000000000000.0,Kern,O,9.0,5.0,4.0,21.0,82.0,10.0,84.0,206.0,2011-12
O,15000000000000.0,Kern,O,7.0,138.0,103.0,515.0,1695.0,186.0,1981.0,4618.0,2011-12
O,16000000000000.0,Kings,E,6.0,0.0,6.0,1.0,9.0,1.0,2.0,19.0,2011-12
O,16000000000000.0,Kings,E,5.0,12.0,25.0,9.0,33.0,4.0,17.0,100.0,2011-12
O,16000000000000.0,Kings,E,1.0,1.0,1.0,0.0,1.0,1.0,1.0,5.0,2011-12
O,16000000000000.0,Kings,E,7.0,3.0,17.0,0.0,10.0,0.0,3.0,33.0,2011-12
O,16000000000000.0,Kings,I,2.0,0.0,0.0,0.0,0.0,0.0,1.0,1.0,2011-12
O,16000000000000.0,Kings,I,6.0,0.0,0.0,0.0,15.0,1.0,22.0,38.0,2011-12
O,16000000000000.0,Kings,I,0.0,0.0,0.0,0.0,0.0,0.0,1.0,1.0,2011-12
O,16000000000000.0,Kings,I,4.0,0.0,0.0,0.0,1.0,0.0,1.0,2.0,2011-12
O,16000000000000.0,Kings,I,5.0,3.0,5.0,20.0,115.0,6.0,234.0,383.0,2011-12
O,16000000000000.0,Kings,I,1.0,0.0,0.0,0.0,0.0,0.0,2.0,2.0,2011-12
O,16000000000000.0,Kings,I,3.0,0.0,1.0,0.0,0.0,0.0,1.0,2.0,2011-12
O,16000000000000.0,Kings,I,9.0,0.0,0.0,0.0,1.0,0.0,11.0,12.0,2011-12
O,16000000000000.0,Kings,I,7.0,1.0,1.0,1.0,40.0,5.0,72.0,120.0,2011-12
O,16000000000000.0,Kings,O,2.0,0.0,1.0,2.0,8.0,1.0,6.0,18.0,2011-12
O,16000000000000.0,Kings,O,6.0,0.0,8.0,22.0,100.0,21.0,149.0,300.0,2011-12
O,16000000000000.0,Kings,O,0.0,0.0,2.0,10.0,1.0,0.0,15.0,28.0,2011-12
O,16000000000000.0,Kings,O,4.0,1.0,1.0,0.0,4.0,3.0,25.0,34.0,2011-12
O,16000000000000.0,Kings,O,5.0,39.0,111.0,200.0,705.0,102.0,1275.0,2432.0,2011-12
O,16000000000000.0,Kings,O,1.0,2.0,3.0,2.0,16.0,2.0,65.0,90.0,2011-12
O,16000000000000.0,Kings,O,3.0,2.0,0.0,0.0,1.0,0.0,2.0,5.0,2011-12
O,16000000000000.0,Kings,O,9.0,0.0,0.0,0.0,5.0,1.0,12.0,18.0,2011-12
O,16000000000000.0,Kings,O,7.0,5.0,31.0,25.0,169.0,39.0,252.0,521.0,2011-12
O,17000000000000.0,Lake,E,6.0,1.0,3.0,3.0,0.0,0.0,0.0,7.0,2011-12
O,17000000000000.0,Lake,E,5.0,4.0,10.0,2.0,3.0,0.0,0.0,19.0,2011-12
O,17000000000000.0,Lake,E,1.0,2.0,3.0,3.0,1.0,0.0,3.0,12.0,2011-12
O,17000000000000.0,Lake,E,9.0,0.0,1.0,1.0,0.0,0.0,1.0,3.0,2011-12
O,17000000000000.0,Lake,E,7.0,11.0,15.0,7.0,8.0,1.0,5.0,47.0,2011-12
O,17000000000000.0,Lake,I,2.0,0.0,0.0,0.0,0.0,0.0,0.0,0.0,2011-12
O,17000000000000.0,Lake,I,6.0,0.0,0.0,0.0,8.0,1.0,22.0,31.0,2011-12
O,17000000000000.0,Lake,I,0.0,0.0,0.0,0.0,0.0,0.0,3.0,3.0,2011-12
O,17000000000000.0,Lake,I,4.0,0.0,0.0,0.0,0.0,1.0,0.0,1.0,2011-12
O,17000000000000.0,Lake,I,5.0,0.0,1.0,0.0,15.0,3.0,77.0,96.0,2011-12
O,17000000000000.0,Lake,I,1.0,0.0,0.0,1.0,4.0,0.0,22.0,27.0,2011-12
O,17000000000000.0,Lake,I,3.0,0.0,0.0,0.0,0.0,0.0,0.0,0.0,2011-12
O,17000000000000.0,Lake,I,9.0,0.0,0.0,0.0,7.0,3.0,22.0,32.0,2011-12
O,17000000000000.0,Lake,I,7.0,0.0,3.0,5.0,38.0,12.0,210.0,268.0,2011-12
O,17000000000000.0,Lake,O,2.0,0.0,2.0,1.0,3.0,0.0,0.0,6.0,2011-12
O,17000000000000.0,Lake,O,6.0,0.0,7.0,14.0,43.0,3.0,57.0,124.0,2011-12
O,17000000000000.0,Lake,O,0.0,0.0,0.0,1.0,1.0,1.0,6.0,9.0,2011-12
O,17000000000000.0,Lake,O,4.0,0.0,0.0,1.0,5.0,0.0,4.0,10.0,2011-12
O,17000000000000.0,Lake,O,5.0,2.0,31.0,59.0,108.0,18.0,278.0,496.0,2011-12
O,17000000000000.0,Lake,O,1.0,3.0,16.0,22.0,52.0,2.0,86.0,181.0,2011-12
O,17000000000000.0,Lake,O,3.0,0.0,0.0,4.0,3.0,0.0,1.0,8.0,2011-12
O,17000000000000.0,Lake,O,9.0,2.0,12.0,9.0,55.0,3.0,108.0,189.0,2011-12
O,17000000000000.0,Lake,O,7.0,19.0,121.0,152.0,390.0,71.0,744.0,1497.0,2011-12
O,18000000000000.0,Lassen,E,6.0,0.0,0.0,0.0,0.0,0.0,1.0,1.0,2011-12
O,18000000000000.0,Lassen,E,7.0,1.0,1.0,1.0,0.0,0.0,0.0,3.0,2011-12
O,18000000000000.0,Lassen,I,2.0,0.0,0.0,0.0,0.0,0.0,0.0,0.0,2011-12
O,18000000000000.0,Lassen,I,6.0,0.0,0.0,0.0,0.0,0.0,1.0,1.0,2011-12
O,18000000000000.0,Lassen,I,0.0,0.0,0.0,0.0,0.0,0.0,0.0,0.0,2011-12
O,18000000000000.0,Lassen,I,4.0,0.0,0.0,0.0,0.0,0.0,1.0,1.0,2011-12
O,18000000000000.0,Lassen,I,5.0,0.0,0.0,1.0,0.0,0.0,1.0,2.0,2011-12
O,18000000000000.0,Lassen,I,1.0,0.0,0.0,0.0,1.0,0.0,5.0,6.0,2011-12
O,18000000000000.0,Lassen,I,3.0,0.0,0.0,0.0,0.0,0.0,0.0,0.0,2011-12
O,18000000000000.0,Lassen,I,9.0,0.0,0.0,0.0,0.0,0.0,0.0,0.0,2011-12
O,18000000000000.0,Lassen,I,7.0,0.0,1.0,1.0,12.0,3.0,44.0,61.0,2011-12
O,18000000000000.0,Lassen,O,2.0,1.0,0.0,1.0,0.0,0.0,1.0,3.0,2011-12
O,18000000000000.0,Lassen,O,6.0,0.0,2.0,0.0,13.0,1.0,5.0,21.0,2011-12
O,18000000000000.0,Lassen,O,0.0,0.0,0.0,0.0,0.0,1.0,0.0,1.0,2011-12
O,18000000000000.0,Lassen,O,4.0,0.0,0.0,0.0,1.0,0.0,2.0,3.0,2011-12
O,18000000000000.0,Lassen,O,5.0,2.0,2.0,1.0,17.0,2.0,5.0,29.0,2011-12
O,18000000000000.0,Lassen,O,1.0,3.0,4.0,4.0,19.0,3.0,6.0,39.0,2011-12
O,18000000000000.0,Lassen,O,3.0,0.0,1.0,1.0,0.0,0.0,0.0,2.0,2011-12
O,18000000000000.0,Lassen,O,9.0,1.0,0.0,0.0,0.0,1.0,3.0,5.0,2011-12
O,18000000000000.0,Lassen,O,7.0,9.0,24.0,5.0,126.0,15.0,79.0,258.0,2011-12
O,19000000000000.0,Los Angeles,E,2.0,6.0,11.0,5.0,9.0,3.0,4.0,38.0,2011-12
O,19000000000000.0,Los Angeles,E,6.0,20.0,36.0,19.0,63.0,12.0,22.0,172.0,2011-12
O,19000000000000.0,Los Angeles,E,0.0,1.0,1.0,1.0,1.0,0.0,1.0,5.0,2011-12
O,19000000000000.0,Los Angeles,E,4.0,1.0,4.0,0.0,0.0,0.0,0.0,5.0,2011-12
O,19000000000000.0,Los Angeles,E,5.0,124.0,286.0,102.0,162.0,50.0,43.0,767.0,2011-12
O,19000000000000.0,Los Angeles,E,1.0,0.0,3.0,1.0,0.0,0.0,0.0,4.0,2011-12
O,19000000000000.0,Los Angeles,E,3.0,0.0,1.0,0.0,1.0,0.0,2.0,4.0,2011-12
O,19000000000000.0,Los Angeles,E,9.0,0.0,2.0,1.0,3.0,1.0,1.0,8.0,2011-12
O,19000000000000.0,Los Angeles,E,7.0,22.0,48.0,20.0,18.0,5.0,3.0,116.0,2011-12
O,19000000000000.0,Los Angeles,I,2.0,2.0,3.0,18.0,59.0,31.0,256.0,369.0,2011-12
O,19000000000000.0,Los Angeles,I,6.0,9.0,51.0,231.0,1388.0,134.0,4156.0,5969.0,2011-12
O,19000000000000.0,Los Angeles,I,0.0,0.0,2.0,4.0,28.0,4.0,71.0,109.0,2011-12
O,19000000000000.0,Los Angeles,I,4.0,0.0,3.0,9.0,25.0,8.0,86.0,131.0,2011-12
O,19000000000000.0,Los Angeles,I,5.0,57.0,183.0,529.0,2544.0,433.0,11415.0,15161.0,2011-12
O,19000000000000.0,Los Angeles,I,1.0,0.0,0.0,2.0,17.0,1.0,42.0,62.0,2011-12
O,19000000000000.0,Los Angeles,I,3.0,2.0,1.0,5.0,15.0,1.0,42.0,66.0,2011-12
O,19000000000000.0,Los Angeles,I,9.0,3.0,0.0,10.0,55.0,7.0,212.0,287.0,2011-12
O,19000000000000.0,Los Angeles,I,7.0,8.0,23.0,73.0,438.0,71.0,2044.0,2657.0,2011-12
O,19000000000000.0,Los Angeles,O,2.0,85.0,184.0,247.0,576.0,142.0,566.0,1800.0,2011-12
O,19000000000000.0,Los Angeles,O,6.0,420.0,1356.0,3174.0,10695.0,1179.0,11597.0,28421.0,2011-12
O,19000000000000.0,Los Angeles,O,0.0,12.0,43.0,78.0,252.0,45.0,281.0,711.0,2011-12
O,19000000000000.0,Los Angeles,O,4.0,33.0,90.0,66.0,233.0,47.0,212.0,681.0,2011-12
O,19000000000000.0,Los Angeles,O,5.0,1717.0,7151.0,5060.0,20176.0,3461.0,22926.0,60491.0,2011-12
O,19000000000000.0,Los Angeles,O,1.0,14.0,33.0,31.0,150.0,17.0,158.0,403.0,2011-12
O,19000000000000.0,Los Angeles,O,3.0,11.0,33.0,81.0,181.0,46.0,159.0,511.0,2011-12
O,19000000000000.0,Los Angeles,O,9.0,23.0,68.0,92.0,322.0,60.0,388.0,953.0,2011-12
O,19000000000000.0,Los Angeles,O,7.0,304.0,1013.0,942.0,3445.0,580.0,3635.0,9919.0,2011-12
O,20000000000000.0,Madera,E,6.0,0.0,1.0,2.0,4.0,1.0,0.0,8.0,2011-12
O,20000000000000.0,Madera,E,0.0,1.0,0.0,0.0,1.0,0.0,0.0,2.0,2011-12
O,20000000000000.0,Madera,E,4.0,0.0,0.0,0.0,1.0,0.0,0.0,1.0,2011-12
O,20000000000000.0,Madera,E,5.0,11.0,61.0,4.0,39.0,1.0,7.0,123.0,2011-12
O,20000000000000.0,Madera,E,1.0,0.0,1.0,0.0,2.0,0.0,0.0,3.0,2011-12
O,20000000000000.0,Madera,E,9.0,0.0,2.0,0.0,0.0,0.0,0.0,2.0,2011-12
O,20000000000000.0,Madera,E,7.0,6.0,24.0,0.0,7.0,0.0,2.0,39.0,2011-12
O,20000000000000.0,Madera,I,2.0,0.0,0.0,0.0,1.0,0.0,6.0,7.0,2011-12
O,20000000000000.0,Madera,I,6.0,2.0,0.0,1.0,35.0,1.0,161.0,200.0,2011-12
O,20000000000000.0,Madera,I,0.0,0.0,0.0,0.0,5.0,1.0,36.0,42.0,2011-12
O,20000000000000.0,Madera,I,4.0,0.0,0.0,0.0,0.0,0.0,0.0,0.0,2011-12
O,20000000000000.0,Madera,I,5.0,17.0,7.0,19.0,327.0,44.0,2312.0,2726.0,2011-12
O,20000000000000.0,Madera,I,1.0,0.0,0.0,0.0,7.0,3.0,23.0,33.0,2011-12
O,20000000000000.0,Madera,I,3.0,0.0,0.0,0.0,1.0,1.0,9.0,11.0,2011-12
O,20000000000000.0,Madera,I,9.0,0.0,0.0,4.0,6.0,1.0,16.0,27.0,2011-12
O,20000000000000.0,Madera,I,7.0,0.0,2.0,11.0,112.0,24.0,335.0,484.0,2011-12
O,20000000000000.0,Madera,O,2.0,3.0,1.0,1.0,4.0,2.0,5.0,16.0,2011-12
O,20000000000000.0,Madera,O,6.0,5.0,21.0,10.0,125.0,5.0,76.0,242.0,2011-12
O,20000000000000.0,Madera,O,0.0,2.0,7.0,0.0,12.0,1.0,6.0,28.0,2011-12
O,20000000000000.0,Madera,O,4.0,0.0,0.0,0.0,4.0,0.0,1.0,5.0,2011-12
O,20000000000000.0,Madera,O,5.0,111.0,343.0,101.0,1421.0,121.0,890.0,2987.0,2011-12
O,20000000000000.0,Madera,O,1.0,3.0,1.0,2.0,44.0,3.0,37.0,90.0,2011-12
O,20000000000000.0,Madera,O,3.0,0.0,3.0,0.0,3.0,0.0,3.0,9.0,2011-12
O,20000000000000.0,Madera,O,9.0,1.0,1.0,2.0,22.0,1.0,16.0,43.0,2011-12
O,20000000000000.0,Madera,O,7.0,52.0,59.0,52.0,394.0,42.0,235.0,834.0,2011-12
O,21000000000000.0,Marin,E,2.0,1.0,2.0,0.0,0.0,0.0,0.0,3.0,2011-12
O,21000000000000.0,Marin,E,6.0,1.0,3.0,1.0,1.0,1.0,2.0,9.0,2011-12
O,21000000000000.0,Marin,E,4.0,0.0,1.0,0.0,0.0,0.0,0.0,1.0,2011-12
O,21000000000000.0,Marin,E,5.0,4.0,6.0,2.0,4.0,0.0,1.0,17.0,2011-12
O,21000000000000.0,Marin,E,9.0,0.0,2.0,0.0,2.0,0.0,0.0,4.0,2011-12
O,21000000000000.0,Marin,E,7.0,2.0,7.0,0.0,0.0,0.0,0.0,9.0,2011-12
O,21000000000000.0,Marin,I,2.0,0.0,0.0,0.0,0.0,0.0,2.0,2.0,2011-12
O,21000000000000.0,Marin,I,6.0,0.0,1.0,2.0,4.0,1.0,11.0,19.0,2011-12
O,21000000000000.0,Marin,I,0.0,0.0,0.0,1.0,0.0,0.0,7.0,8.0,2011-12
O,21000000000000.0,Marin,I,4.0,0.0,0.0,0.0,0.0,0.0,0.0,0.0,2011-12
O,21000000000000.0,Marin,I,5.0,0.0,3.0,4.0,32.0,3.0,47.0,89.0,2011-12
O,21000000000000.0,Marin,I,1.0,0.0,0.0,0.0,0.0,0.0,0.0,0.0,2011-12
O,21000000000000.0,Marin,I,3.0,0.0,0.0,0.0,0.0,0.0,0.0,0.0,2011-12
O,21000000000000.0,Marin,I,9.0,0.0,0.0,0.0,2.0,0.0,0.0,2.0,2011-12
O,21000000000000.0,Marin,I,7.0,1.0,1.0,5.0,25.0,2.0,21.0,55.0,2011-12
O,21000000000000.0,Marin,O,2.0,0.0,5.0,1.0,7.0,0.0,5.0,18.0,2011-12
O,21000000000000.0,Marin,O,6.0,4.0,29.0,38.0,115.0,12.0,121.0,319.0,2011-12
O,21000000000000.0,Marin,O,0.0,0.0,2.0,2.0,3.0,2.0,5.0,14.0,2011-12
O,21000000000000.0,Marin,O,4.0,0.0,1.0,1.0,2.0,0.0,4.0,8.0,2011-12
O,21000000000000.0,Marin,O,5.0,34.0,140.0,42.0,291.0,32.0,292.0,831.0,2011-12
O,21000000000000.0,Marin,O,1.0,0.0,0.0,1.0,3.0,0.0,1.0,5.0,2011-12
O,21000000000000.0,Marin,O,3.0,0.0,4.0,2.0,1.0,0.0,2.0,9.0,2011-12
O,21000000000000.0,Marin,O,9.0,1.0,8.0,5.0,31.0,2.0,45.0,92.0,2011-12
O,21000000000000.0,Marin,O,7.0,33.0,105.0,50.0,298.0,36.0,274.0,796.0,2011-12
O,22000000000000.0,Mariposa,E,4.0,0.0,0.0,1.0,0.0,0.0,0.0,1.0,2011-12
O,22000000000000.0,Mariposa,E,5.0,0.0,2.0,0.0,3.0,0.0,0.0,5.0,2011-12
O,22000000000000.0,Mariposa,E,7.0,6.0,7.0,1.0,0.0,0.0,0.0,14.0,2011-12
O,22000000000000.0,Mariposa,I,2.0,0.0,0.0,0.0,0.0,0.0,1.0,1.0,2011-12
O,22000000000000.0,Mariposa,I,6.0,0.0,0.0,0.0,1.0,0.0,0.0,1.0,2011-12
O,22000000000000.0,Mariposa,I,0.0,0.0,1.0,0.0,0.0,0.0,0.0,1.0,2011-12
O,22000000000000.0,Mariposa,I,4.0,0.0,0.0,0.0,0.0,0.0,1.0,1.0,2011-12
O,22000000000000.0,Mariposa,I,5.0,2.0,1.0,0.0,2.0,0.0,6.0,11.0,2011-12
O,22000000000000.0,Mariposa,I,1.0,0.0,0.0,0.0,0.0,0.0,4.0,4.0,2011-12
O,22000000000000.0,Mariposa,I,3.0,0.0,0.0,0.0,2.0,0.0,1.0,3.0,2011-12
O,22000000000000.0,Mariposa,I,9.0,0.0,0.0,0.0,0.0,0.0,5.0,5.0,2011-12
O,22000000000000.0,Mariposa,I,7.0,2.0,0.0,0.0,20.0,0.0,48.0,70.0,2011-12
O,22000000000000.0,Mariposa,O,2.0,0.0,0.0,0.0,0.0,0.0,3.0,3.0,2011-12
O,22000000000000.0,Mariposa,O,6.0,0.0,0.0,0.0,2.0,0.0,1.0,3.0,2011-12
O,22000000000000.0,Mariposa,O,0.0,0.0,0.0,0.0,4.0,0.0,0.0,4.0,2011-12
O,22000000000000.0,Mariposa,O,4.0,1.0,1.0,0.0,0.0,0.0,0.0,2.0,2011-12
O,22000000000000.0,Mariposa,O,5.0,3.0,5.0,0.0,9.0,0.0,17.0,34.0,2011-12
O,22000000000000.0,Mariposa,O,1.0,2.0,2.0,0.0,7.0,0.0,14.0,25.0,2011-12
O,22000000000000.0,Mariposa,O,3.0,0.0,0.0,0.0,2.0,0.0,0.0,2.0,2011-12
O,22000000000000.0,Mariposa,O,9.0,1.0,1.0,0.0,13.0,0.0,10.0,25.0,2011-12
O,22000000000000.0,Mariposa,O,7.0,17.0,20.0,7.0,113.0,2.0,96.0,255.0,2011-12
O,23000000000000.0,Mendocino,E,2.0,0.0,1.0,0.0,0.0,0.0,0.0,1.0,2011-12
O,23000000000000.0,Mendocino,E,5.0,5.0,8.0,6.0,2.0,0.0,4.0,25.0,2011-12
O,23000000000000.0,Mendocino,E,1.0,0.0,1.0,0.0,0.0,0.0,0.0,1.0,2011-12
O,23000000000000.0,Mendocino,E,9.0,0.0,0.0,2.0,0.0,0.0,1.0,3.0,2011-12
O,23000000000000.0,Mendocino,E,7.0,1.0,10.0,5.0,4.0,3.0,0.0,23.0,2011-12
O,23000000000000.0,Mendocino,I,2.0,0.0,0.0,0.0,0.0,0.0,8.0,8.0,2011-12
O,23000000000000.0,Mendocino,I,6.0,0.0,0.0,0.0,3.0,0.0,22.0,25.0,2011-12
O,23000000000000.0,Mendocino,I,0.0,0.0,0.0,0.0,0.0,0.0,0.0,0.0,2011-12
O,23000000000000.0,Mendocino,I,4.0,0.0,1.0,0.0,0.0,0.0,6.0,7.0,2011-12
O,23000000000000.0,Mendocino,I,5.0,3.0,5.0,17.0,30.0,7.0,649.0,711.0,2011-12
O,23000000000000.0,Mendocino,I,1.0,0.0,0.0,1.0,9.0,2.0,146.0,158.0,2011-12
O,23000000000000.0,Mendocino,I,3.0,0.0,0.0,0.0,0.0,0.0,0.0,0.0,2011-12
O,23000000000000.0,Mendocino,I,9.0,1.0,0.0,1.0,3.0,0.0,12.0,17.0,2011-12
O,23000000000000.0,Mendocino,I,7.0,6.0,5.0,14.0,46.0,11.0,463.0,545.0,2011-12
O,23000000000000.0,Mendocino,O,2.0,0.0,0.0,1.0,1.0,0.0,3.0,5.0,2011-12
O,23000000000000.0,Mendocino,O,6.0,0.0,7.0,5.0,7.0,2.0,23.0,44.0,2011-12
O,23000000000000.0,Mendocino,O,0.0,0.0,2.0,0.0,0.0,0.0,1.0,3.0,2011-12
O,23000000000000.0,Mendocino,O,4.0,0.0,0.0,0.0,0.0,0.0,0.0,0.0,2011-12
O,23000000000000.0,Mendocino,O,5.0,9.0,67.0,110.0,114.0,43.0,293.0,636.0,2011-12
O,23000000000000.0,Mendocino,O,1.0,12.0,34.0,53.0,151.0,18.0,231.0,499.0,2011-12
O,23000000000000.0,Mendocino,O,3.0,0.0,1.0,3.0,0.0,0.0,1.0,5.0,2011-12
O,23000000000000.0,Mendocino,O,9.0,2.0,3.0,6.0,5.0,2.0,30.0,48.0,2011-12
O,23000000000000.0,Mendocino,O,7.0,25.0,77.0,145.0,334.0,64.0,483.0,1128.0,2011-12
O,24000000000000.0,Merced,E,2.0,0.0,2.0,1.0,1.0,0.0,0.0,4.0,2011-12
O,24000000000000.0,Merced,E,6.0,0.0,0.0,1.0,5.0,0.0,1.0,7.0,2011-12
O,24000000000000.0,Merced,E,5.0,17.0,18.0,6.0,18.0,4.0,3.0,66.0,2011-12
O,24000000000000.0,Merced,E,1.0,1.0,1.0,0.0,0.0,1.0,0.0,3.0,2011-12
O,24000000000000.0,Merced,E,9.0,1.0,1.0,0.0,0.0,0.0,0.0,2.0,2011-12
O,24000000000000.0,Merced,E,7.0,3.0,4.0,0.0,2.0,1.0,0.0,10.0,2011-12
O,24000000000000.0,Merced,I,2.0,0.0,0.0,0.0,16.0,0.0,123.0,139.0,2011-12
O,24000000000000.0,Merced,I,6.0,0.0,0.0,8.0,73.0,10.0,674.0,765.0,2011-12
O,24000000000000.0,Merced,I,0.0,0.0,0.0,0.0,0.0,0.0,6.0,6.0,2011-12
O,24000000000000.0,Merced,I,4.0,0.0,0.0,0.0,2.0,0.0,18.0,20.0,2011-12
O,24000000000000.0,Merced,I,5.0,6.0,2.0,52.0,517.0,66.0,5112.0,5755.0,2011-12
O,24000000000000.0,Merced,I,1.0,0.0,0.0,2.0,3.0,0.0,35.0,40.0,2011-12
O,24000000000000.0,Merced,I,3.0,1.0,0.0,0.0,4.0,1.0,39.0,45.0,2011-12
O,24000000000000.0,Merced,I,9.0,0.0,0.0,2.0,11.0,3.0,114.0,130.0,2011-12
O,24000000000000.0,Merced,I,7.0,4.0,0.0,14.0,171.0,33.0,1248.0,1470.0,2011-12
O,24000000000000.0,Merced,O,2.0,4.0,16.0,14.0,36.0,12.0,28.0,110.0,2011-12
O,24000000000000.0,Merced,O,6.0,8.0,41.0,58.0,246.0,27.0,308.0,688.0,2011-12
O,24000000000000.0,Merced,O,0.0,0.0,1.0,1.0,8.0,0.0,7.0,17.0,2011-12
O,24000000000000.0,Merced,O,4.0,0.0,3.0,0.0,7.0,1.0,9.0,20.0,2011-12
O,24000000000000.0,Merced,O,5.0,130.0,613.0,393.0,1985.0,203.0,2339.0,5663.0,2011-12
O,24000000000000.0,Merced,O,1.0,3.0,5.0,1.0,18.0,1.0,11.0,39.0,2011-12
O,24000000000000.0,Merced,O,3.0,2.0,1.0,3.0,8.0,2.0,8.0,24.0,2011-12
O,24000000000000.0,Merced,O,9.0,3.0,7.0,7.0,37.0,4.0,47.0,105.0,2011-12
O,24000000000000.0,Merced,O,7.0,45.0,134.0,90.0,590.0,65.0,556.0,1480.0,2011-12
O,25000000000000.0,Modoc,E,5.0,0.0,0.0,0.0,0.0,0.0,1.0,1.0,2011-12
O,25000000000000.0,Modoc,E,1.0,0.0,0.0,0.0,0.0,1.0,0.0,1.0,2011-12
O,25000000000000.0,Modoc,E,7.0,0.0,0.0,0.0,0.0,1.0,1.0,2.0,2011-12
O,25000000000000.0,Modoc,I,2.0,0.0,0.0,0.0,1.0,0.0,1.0,2.0,2011-12
O,25000000000000.0,Modoc,I,6.0,0.0,0.0,0.0,4.0,0.0,16.0,20.0,2011-12
O,25000000000000.0,Modoc,I,5.0,0.0,1.0,1.0,3.0,0.0,23.0,28.0,2011-12
O,25000000000000.0,Modoc,I,1.0,0.0,0.0,0.0,0.0,0.0,0.0,0.0,2011-12
O,25000000000000.0,Modoc,I,9.0,0.0,0.0,0.0,1.0,0.0,2.0,3.0,2011-12
O,25000000000000.0,Modoc,I,7.0,0.0,1.0,0.0,9.0,0.0,51.0,61.0,2011-12
O,25000000000000.0,Modoc,O,2.0,0.0,0.0,1.0,0.0,0.0,0.0,1.0,2011-12
O,25000000000000.0,Modoc,O,6.0,0.0,0.0,0.0,3.0,0.0,10.0,13.0,2011-12
O,25000000000000.0,Modoc,O,5.0,0.0,1.0,4.0,19.0,2.0,16.0,42.0,2011-12
O,25000000000000.0,Modoc,O,1.0,0.0,0.0,0.0,2.0,4.0,1.0,7.0,2011-12
O,25000000000000.0,Modoc,O,9.0,0.0,0.0,0.0,0.0,0.0,0.0,0.0,2011-12
O,25000000000000.0,Modoc,O,7.0,1.0,1.0,8.0,20.0,6.0,30.0,66.0,2011-12
O,26000000000000.0,Mono,I,6.0,0.0,0.0,0.0,0.0,0.0,0.0,0.0,2011-12
O,26000000000000.0,Mono,I,0.0,0.0,0.0,0.0,1.0,0.0,2.0,3.0,2011-12
O,26000000000000.0,Mono,I,5.0,0.0,0.0,1.0,6.0,0.0,0.0,7.0,2011-12
O,26000000000000.0,Mono,I,1.0,0.0,0.0,0.0,0.0,0.0,0.0,0.0,2011-12
O,26000000000000.0,Mono,I,9.0,0.0,0.0,0.0,0.0,0.0,0.0,0.0,2011-12
O,26000000000000.0,Mono,I,7.0,0.0,0.0,0.0,1.0,0.0,0.0,1.0,2011-12
O,26000000000000.0,Mono,O,6.0,0.0,0.0,0.0,2.0,1.0,0.0,3.0,2011-12
O,26000000000000.0,Mono,O,0.0,1.0,2.0,7.0,15.0,2.0,18.0,45.0,2011-12
O,26000000000000.0,Mono,O,5.0,3.0,3.0,9.0,21.0,4.0,53.0,93.0,2011-12
O,26000000000000.0,Mono,O,1.0,0.0,0.0,0.0,2.0,0.0,1.0,3.0,2011-12
O,26000000000000.0,Mono,O,9.0,0.0,1.0,0.0,0.0,1.0,2.0,4.0,2011-12
O,26000000000000.0,Mono,O,7.0,0.0,0.0,1.0,17.0,0.0,4.0,22.0,2011-12
O,27000000000000.0,Monterey,E,0.0,0.0,0.0,1.0,0.0,0.0,0.0,1.0,2011-12
O,27000000000000.0,Monterey,E,5.0,4.0,12.0,15.0,25.0,6.0,5.0,67.0,2011-12
O,27000000000000.0,Monterey,E,9.0,1.0,0.0,0.0,0.0,0.0,0.0,1.0,2011-12
O,27000000000000.0,Monterey,E,7.0,0.0,2.0,0.0,1.0,0.0,0.0,3.0,2011-12
O,27000000000000.0,Monterey,I,2.0,0.0,0.0,0.0,1.0,0.0,7.0,8.0,2011-12
O,27000000000000.0,Monterey,I,6.0,0.0,0.0,0.0,9.0,1.0,54.0,64.0,2011-12
O,27000000000000.0,Monterey,I,0.0,0.0,0.0,0.0,0.0,0.0,3.0,3.0,2011-12
O,27000000000000.0,Monterey,I,4.0,0.0,0.0,0.0,1.0,0.0,25.0,26.0,2011-12
O,27000000000000.0,Monterey,I,5.0,5.0,10.0,14.0,207.0,22.0,2210.0,2468.0,2011-12
O,27000000000000.0,Monterey,I,1.0,0.0,0.0,1.0,1.0,0.0,27.0,29.0,2011-12
O,27000000000000.0,Monterey,I,3.0,0.0,1.0,0.0,0.0,0.0,10.0,11.0,2011-12
O,27000000000000.0,Monterey,I,9.0,0.0,0.0,0.0,9.0,0.0,11.0,20.0,2011-12
O,27000000000000.0,Monterey,I,7.0,1.0,1.0,8.0,32.0,6.0,258.0,306.0,2011-12
O,27000000000000.0,Monterey,O,2.0,0.0,5.0,2.0,13.0,1.0,6.0,27.0,2011-12
O,27000000000000.0,Monterey,O,6.0,2.0,25.0,11.0,88.0,9.0,98.0,233.0,2011-12
O,27000000000000.0,Monterey,O,0.0,0.0,1.0,1.0,2.0,0.0,4.0,8.0,2011-12
O,27000000000000.0,Monterey,O,4.0,0.0,7.0,1.0,13.0,3.0,12.0,36.0,2011-12
O,27000000000000.0,Monterey,O,5.0,92.0,471.0,236.0,1815.0,167.0,2155.0,4936.0,2011-12
O,27000000000000.0,Monterey,O,1.0,1.0,5.0,2.0,12.0,1.0,26.0,47.0,2011-12
O,27000000000000.0,Monterey,O,3.0,1.0,1.0,2.0,13.0,2.0,7.0,26.0,2011-12
O,27000000000000.0,Monterey,O,9.0,1.0,3.0,2.0,37.0,0.0,39.0,82.0,2011-12
O,27000000000000.0,Monterey,O,7.0,28.0,76.0,61.0,222.0,23.0,190.0,600.0,2011-12
O,28000000000000.0,Napa,E,6.0,0.0,0.0,0.0,4.0,0.0,0.0,4.0,2011-12
O,28000000000000.0,Napa,E,4.0,0.0,1.0,0.0,0.0,0.0,0.0,1.0,2011-12
O,28000000000000.0,Napa,E,5.0,7.0,10.0,2.0,7.0,0.0,0.0,26.0,2011-12
O,28000000000000.0,Napa,E,1.0,1.0,0.0,0.0,1.0,0.0,0.0,2.0,2011-12
O,28000000000000.0,Napa,E,9.0,1.0,1.0,1.0,2.0,0.0,0.0,5.0,2011-12
O,28000000000000.0,Napa,E,7.0,6.0,7.0,0.0,2.0,0.0,0.0,15.0,2011-12
O,28000000000000.0,Napa,I,2.0,0.0,0.0,0.0,3.0,1.0,1.0,5.0,2011-12
O,28000000000000.0,Napa,I,6.0,1.0,1.0,0.0,22.0,5.0,51.0,80.0,2011-12
O,28000000000000.0,Napa,I,0.0,0.0,0.0,0.0,1.0,0.0,3.0,4.0,2011-12
O,28000000000000.0,Napa,I,4.0,0.0,0.0,0.0,3.0,0.0,10.0,13.0,2011-12
O,28000000000000.0,Napa,I,5.0,5.0,9.0,3.0,128.0,29.0,211.0,385.0,2011-12
O,28000000000000.0,Napa,I,1.0,1.0,0.0,0.0,1.0,1.0,5.0,8.0,2011-12
O,28000000000000.0,Napa,I,3.0,0.0,0.0,0.0,3.0,1.0,1.0,5.0,2011-12
O,28000000000000.0,Napa,I,9.0,0.0,0.0,0.0,6.0,1.0,11.0,18.0,2011-12
O,28000000000000.0,Napa,I,7.0,6.0,9.0,2.0,64.0,10.0,96.0,187.0,2011-12
O,28000000000000.0,Napa,O,2.0,1.0,2.0,1.0,6.0,0.0,2.0,12.0,2011-12
O,28000000000000.0,Napa,O,6.0,0.0,10.0,16.0,50.0,1.0,33.0,110.0,2011-12
O,28000000000000.0,Napa,O,0.0,1.0,0.0,0.0,3.0,0.0,4.0,8.0,2011-12
O,28000000000000.0,Napa,O,4.0,3.0,3.0,2.0,4.0,3.0,3.0,18.0,2011-12
O,28000000000000.0,Napa,O,5.0,29.0,103.0,65.0,324.0,34.0,157.0,712.0,2011-12
O,28000000000000.0,Napa,O,1.0,2.0,2.0,3.0,6.0,1.0,0.0,14.0,2011-12
O,28000000000000.0,Napa,O,3.0,0.0,4.0,0.0,4.0,2.0,1.0,11.0,2011-12
O,28000000000000.0,Napa,O,9.0,3.0,10.0,4.0,11.0,2.0,8.0,38.0,2011-12
O,28000000000000.0,Napa,O,7.0,16.0,41.0,26.0,144.0,8.0,92.0,327.0,2011-12
O,29000000000000.0,Nevada,E,5.0,0.0,0.0,0.0,0.0,0.0,1.0,1.0,2011-12
O,29000000000000.0,Nevada,E,1.0,0.0,0.0,0.0,1.0,0.0,0.0,1.0,2011-12
O,29000000000000.0,Nevada,E,7.0,1.0,8.0,0.0,3.0,2.0,2.0,16.0,2011-12
O,29000000000000.0,Nevada,I,2.0,0.0,0.0,0.0,1.0,0.0,2.0,3.0,2011-12
O,29000000000000.0,Nevada,I,6.0,0.0,0.0,0.0,0.0,0.0,2.0,2.0,2011-12
O,29000000000000.0,Nevada,I,0.0,0.0,0.0,0.0,0.0,0.0,0.0,0.0,2011-12
O,29000000000000.0,Nevada,I,4.0,0.0,0.0,0.0,0.0,0.0,2.0,2.0,2011-12
O,29000000000000.0,Nevada,I,5.0,0.0,1.0,1.0,4.0,1.0,16.0,23.0,2011-12
O,29000000000000.0,Nevada,I,1.0,0.0,0.0,1.0,0.0,0.0,1.0,2.0,2011-12
O,29000000000000.0,Nevada,I,9.0,0.0,0.0,1.0,3.0,0.0,3.0,7.0,2011-12
O,29000000000000.0,Nevada,I,7.0,1.0,10.0,2.0,50.0,6.0,117.0,186.0,2011-12
O,29000000000000.0,Nevada,O,2.0,0.0,2.0,0.0,2.0,0.0,1.0,5.0,2011-12
O,29000000000000.0,Nevada,O,6.0,2.0,2.0,0.0,11.0,0.0,1.0,16.0,2011-12
O,29000000000000.0,Nevada,O,0.0,2.0,0.0,2.0,7.0,3.0,2.0,16.0,2011-12
O,29000000000000.0,Nevada,O,4.0,0.0,1.0,0.0,2.0,0.0,4.0,7.0,2011-12
O,29000000000000.0,Nevada,O,5.0,3.0,16.0,10.0,59.0,4.0,21.0,113.0,2011-12
O,29000000000000.0,Nevada,O,1.0,0.0,3.0,1.0,8.0,0.0,5.0,17.0,2011-12
O,29000000000000.0,Nevada,O,9.0,1.0,4.0,2.0,23.0,1.0,11.0,42.0,2011-12
O,29000000000000.0,Nevada,O,7.0,33.0,166.0,71.0,466.0,70.0,309.0,1115.0,2011-12
O,30000000000000.0,Orange,E,2.0,2.0,12.0,2.0,4.0,0.0,0.0,20.0,2011-12
O,30000000000000.0,Orange,E,6.0,2.0,2.0,1.0,2.0,0.0,0.0,7.0,2011-12
O,30000000000000.0,Orange,E,4.0,2.0,1.0,0.0,2.0,0.0,0.0,5.0,2011-12
O,30000000000000.0,Orange,E,5.0,49.0,103.0,39.0,26.0,8.0,8.0,233.0,2011-12
O,30000000000000.0,Orange,E,1.0,0.0,2.0,1.0,0.0,0.0,0.0,3.0,2011-12
O,30000000000000.0,Orange,E,3.0,1.0,0.0,0.0,1.0,1.0,0.0,3.0,2011-12
O,30000000000000.0,Orange,E,9.0,0.0,1.0,0.0,0.0,0.0,1.0,2.0,2011-12
O,30000000000000.0,Orange,E,7.0,15.0,60.0,8.0,10.0,4.0,2.0,99.0,2011-12
O,30000000000000.0,Orange,I,2.0,10.0,2.0,10.0,97.0,37.0,268.0,424.0,2011-12
O,30000000000000.0,Orange,I,6.0,1.0,4.0,10.0,88.0,13.0,320.0,436.0,2011-12
O,30000000000000.0,Orange,I,0.0,0.0,0.0,2.0,9.0,0.0,19.0,30.0,2011-12
O,30000000000000.0,Orange,I,4.0,0.0,1.0,1.0,17.0,8.0,44.0,71.0,2011-12
O,30000000000000.0,Orange,I,5.0,53.0,54.0,169.0,1415.0,311.0,6464.0,8466.0,2011-12
O,30000000000000.0,Orange,I,1.0,1.0,1.0,0.0,9.0,3.0,55.0,69.0,2011-12
O,30000000000000.0,Orange,I,3.0,1.0,1.0,2.0,27.0,6.0,100.0,137.0,2011-12
O,30000000000000.0,Orange,I,9.0,3.0,1.0,10.0,34.0,9.0,83.0,140.0,2011-12
O,30000000000000.0,Orange,I,7.0,20.0,38.0,100.0,575.0,85.0,2962.0,3780.0,2011-12
O,30000000000000.0,Orange,O,2.0,58.0,131.0,71.0,419.0,95.0,279.0,1053.0,2011-12
O,30000000000000.0,Orange,O,6.0,23.0,60.0,83.0,272.0,63.0,233.0,734.0,2011-12
O,30000000000000.0,Orange,O,0.0,7.0,25.0,6.0,35.0,6.0,29.0,108.0,2011-12
O,30000000000000.0,Orange,O,4.0,6.0,19.0,12.0,38.0,11.0,41.0,127.0,2011-12
O,30000000000000.0,Orange,O,5.0,638.0,1822.0,1498.0,5585.0,1409.0,6503.0,17455.0,2011-12
O,30000000000000.0,Orange,O,1.0,6.0,29.0,7.0,43.0,17.0,56.0,158.0,2011-12
O,30000000000000.0,Orange,O,3.0,4.0,11.0,12.0,42.0,14.0,53.0,136.0,2011-12
O,30000000000000.0,Orange,O,9.0,17.0,35.0,41.0,112.0,19.0,101.0,325.0,2011-12
O,30000000000000.0,Orange,O,7.0,180.0,756.0,452.0,1473.0,327.0,1568.0,4756.0,2011-12
O,31000000000000.0,Placer,E,2.0,0.0,0.0,0.0,1.0,0.0,0.0,1.0,2011-12
O,31000000000000.0,Placer,E,6.0,0.0,1.0,1.0,0.0,0.0,0.0,2.0,2011-12
O,31000000000000.0,Placer,E,4.0,1.0,0.0,1.0,0.0,0.0,0.0,2.0,2011-12
O,31000000000000.0,Placer,E,5.0,0.0,4.0,4.0,1.0,0.0,0.0,9.0,2011-12
O,31000000000000.0,Placer,E,1.0,0.0,2.0,0.0,0.0,0.0,0.0,2.0,2011-12
O,31000000000000.0,Placer,E,9.0,0.0,2.0,0.0,1.0,0.0,1.0,4.0,2011-12
O,31000000000000.0,Placer,E,7.0,1.0,37.0,4.0,7.0,1.0,4.0,54.0,2011-12
O,31000000000000.0,Placer,I,2.0,0.0,0.0,0.0,6.0,2.0,20.0,28.0,2011-12
O,31000000000000.0,Placer,I,6.0,0.0,1.0,0.0,11.0,1.0,53.0,66.0,2011-12
O,31000000000000.0,Placer,I,0.0,0.0,0.0,0.0,0.0,0.0,17.0,17.0,2011-12
O,31000000000000.0,Placer,I,4.0,0.0,0.0,0.0,5.0,2.0,14.0,21.0,2011-12
O,31000000000000.0,Placer,I,5.0,0.0,1.0,2.0,100.0,21.0,260.0,384.0,2011-12
O,31000000000000.0,Placer,I,1.0,0.0,0.0,0.0,2.0,0.0,4.0,6.0,2011-12
O,31000000000000.0,Placer,I,3.0,1.0,0.0,0.0,4.0,0.0,4.0,9.0,2011-12
O,31000000000000.0,Placer,I,9.0,0.0,0.0,1.0,11.0,0.0,33.0,45.0,2011-12
O,31000000000000.0,Placer,I,7.0,12.0,8.0,11.0,193.0,47.0,443.0,714.0,2011-12
O,31000000000000.0,Placer,O,2.0,3.0,9.0,3.0,18.0,0.0,23.0,56.0,2011-12
O,31000000000000.0,Placer,O,6.0,2.0,17.0,24.0,57.0,4.0,115.0,219.0,2011-12
O,31000000000000.0,Placer,O,0.0,0.0,3.0,4.0,8.0,1.0,10.0,26.0,2011-12
O,31000000000000.0,Placer,O,4.0,1.0,3.0,6.0,10.0,0.0,20.0,40.0,2011-12
O,31000000000000.0,Placer,O,5.0,17.0,120.0,133.0,299.0,29.0,439.0,1037.0,2011-12
O,31000000000000.0,Placer,O,1.0,2.0,6.0,7.0,23.0,3.0,32.0,73.0,2011-12
O,31000000000000.0,Placer,O,3.0,2.0,3.0,3.0,9.0,0.0,11.0,28.0,2011-12
O,31000000000000.0,Placer,O,9.0,5.0,23.0,21.0,48.0,3.0,83.0,183.0,2011-12
O,31000000000000.0,Placer,O,7.0,63.0,352.0,270.0,710.0,57.0,1037.0,2489.0,2011-12
O,33000000000000.0,Riverside,E,2.0,2.0,5.0,0.0,1.0,1.0,1.0,10.0,2011-12
O,33000000000000.0,Riverside,E,6.0,12.0,34.0,25.0,39.0,2.0,9.0,121.0,2011-12
O,33000000000000.0,Riverside,E,4.0,2.0,4.0,0.0,0.0,0.0,0.0,6.0,2011-12
O,33000000000000.0,Riverside,E,5.0,90.0,283.0,66.0,150.0,15.0,31.0,635.0,2011-12
O,33000000000000.0,Riverside,E,1.0,4.0,6.0,0.0,1.0,0.0,1.0,12.0,2011-12
O,33000000000000.0,Riverside,E,3.0,1.0,0.0,1.0,0.0,0.0,0.0,2.0,2011-12
O,33000000000000.0,Riverside,E,9.0,0.0,6.0,1.0,3.0,2.0,1.0,13.0,2011-12
O,33000000000000.0,Riverside,E,7.0,34.0,114.0,18.0,40.0,10.0,8.0,224.0,2011-12
O,33000000000000.0,Riverside,I,2.0,0.0,0.0,0.0,9.0,2.0,40.0,51.0,2011-12
O,33000000000000.0,Riverside,I,6.0,6.0,0.0,14.0,177.0,17.0,1011.0,1225.0,2011-12
O,33000000000000.0,Riverside,I,0.0,2.0,0.0,0.0,7.0,1.0,38.0,48.0,2011-12
O,33000000000000.0,Riverside,I,4.0,1.0,0.0,1.0,8.0,1.0,17.0,28.0,2011-12
O,33000000000000.0,Riverside,I,5.0,26.0,15.0,25.0,485.0,61.0,3093.0,3705.0,2011-12
O,33000000000000.0,Riverside,I,1.0,0.0,0.0,0.0,18.0,1.0,94.0,113.0,2011-12
O,33000000000000.0,Riverside,I,3.0,1.0,0.0,0.0,6.0,0.0,30.0,37.0,2011-12
O,33000000000000.0,Riverside,I,9.0,2.0,0.0,1.0,32.0,3.0,101.0,139.0,2011-12
O,33000000000000.0,Riverside,I,7.0,10.0,6.0,19.0,203.0,36.0,943.0,1217.0,2011-12
O,33000000000000.0,Riverside,O,2.0,17.0,42.0,24.0,170.0,18.0,116.0,387.0,2011-12
O,33000000000000.0,Riverside,O,6.0,185.0,382.0,403.0,3809.0,252.0,2533.0,7564.0,2011-12
O,33000000000000.0,Riverside,O,0.0,11.0,18.0,15.0,80.0,12.0,68.0,204.0,2011-12
O,33000000000000.0,Riverside,O,4.0,13.0,27.0,11.0,81.0,12.0,65.0,209.0,2011-12
O,33000000000000.0,Riverside,O,5.0,839.0,2150.0,1504.0,9242.0,878.0,8780.0,23393.0,2011-12
O,33000000000000.0,Riverside,O,1.0,19.0,33.0,26.0,165.0,11.0,123.0,377.0,2011-12
O,33000000000000.0,Riverside,O,3.0,5.0,17.0,9.0,92.0,12.0,68.0,203.0,2011-12
O,33000000000000.0,Riverside,O,9.0,34.0,47.0,63.0,340.0,38.0,271.0,793.0,2011-12
O,33000000000000.0,Riverside,O,7.0,319.0,633.0,547.0,3335.0,328.0,2732.0,7894.0,2011-12
O,34000000000000.0,Sacramento,E,2.0,3.0,6.0,2.0,4.0,0.0,0.0,15.0,2011-12
O,34000000000000.0,Sacramento,E,6.0,9.0,23.0,33.0,18.0,0.0,5.0,88.0,2011-12
O,34000000000000.0,Sacramento,E,0.0,0.0,0.0,1.0,0.0,0.0,0.0,1.0,2011-12
O,34000000000000.0,Sacramento,E,4.0,1.0,0.0,0.0,0.0,0.0,0.0,1.0,2011-12
O,34000000000000.0,Sacramento,E,5.0,14.0,26.0,17.0,10.0,0.0,5.0,72.0,2011-12
O,34000000000000.0,Sacramento,E,1.0,0.0,0.0,4.0,1.0,0.0,0.0,5.0,2011-12
O,34000000000000.0,Sacramento,E,3.0,1.0,0.0,3.0,0.0,0.0,0.0,4.0,2011-12
O,34000000000000.0,Sacramento,E,9.0,4.0,3.0,4.0,1.0,1.0,0.0,13.0,2011-12
O,34000000000000.0,Sacramento,E,7.0,19.0,28.0,12.0,8.0,1.0,1.0,69.0,2011-12
O,34000000000000.0,Sacramento,I,2.0,3.0,1.0,3.0,29.0,8.0,188.0,232.0,2011-12
O,34000000000000.0,Sacramento,I,6.0,1.0,0.0,56.0,294.0,53.0,2440.0,2844.0,2011-12
O,34000000000000.0,Sacramento,I,0.0,0.0,0.0,0.0,4.0,1.0,32.0,37.0,2011-12
O,34000000000000.0,Sacramento,I,4.0,0.0,0.0,0.0,4.0,2.0,55.0,61.0,2011-12
O,34000000000000.0,Sacramento,I,5.0,6.0,3.0,38.0,204.0,24.0,2163.0,2438.0,2011-12
O,34000000000000.0,Sacramento,I,1.0,2.0,0.0,3.0,24.0,2.0,119.0,150.0,2011-12
O,34000000000000.0,Sacramento,I,3.0,0.0,0.0,2.0,6.0,1.0,79.0,88.0,2011-12
O,34000000000000.0,Sacramento,I,9.0,0.0,0.0,11.0,31.0,1.0,228.0,271.0,2011-12
O,34000000000000.0,Sacramento,I,7.0,14.0,0.0,83.0,404.0,69.0,2917.0,3487.0,2011-12
O,34000000000000.0,Sacramento,O,2.0,45.0,115.0,98.0,490.0,80.0,428.0,1256.0,2011-12
O,34000000000000.0,Sacramento,O,6.0,157.0,661.0,928.0,4883.0,444.0,5090.0,12163.0,2011-12
O,34000000000000.0,Sacramento,O,0.0,3.0,24.0,26.0,102.0,9.0,110.0,274.0,2011-12
O,34000000000000.0,Sacramento,O,4.0,4.0,10.0,21.0,100.0,19.0,118.0,272.0,2011-12
O,34000000000000.0,Sacramento,O,5.0,206.0,752.0,601.0,3395.0,380.0,4229.0,9563.0,2011-12
O,34000000000000.0,Sacramento,O,1.0,12.0,39.0,35.0,141.0,18.0,232.0,477.0,2011-12
O,34000000000000.0,Sacramento,O,3.0,11.0,46.0,22.0,162.0,25.0,167.0,433.0,2011-12
O,34000000000000.0,Sacramento,O,9.0,39.0,98.0,103.0,683.0,54.0,606.0,1583.0,2011-12
O,34000000000000.0,Sacramento,O,7.0,277.0,689.0,782.0,2888.0,386.0,4474.0,9496.0,2011-12
O,35000000000000.0,San Benito,E,5.0,8.0,10.0,1.0,4.0,0.0,0.0,23.0,2011-12
O,35000000000000.0,San Benito,E,1.0,1.0,0.0,0.0,0.0,0.0,0.0,1.0,2011-12
O,35000000000000.0,San Benito,E,7.0,1.0,1.0,0.0,2.0,0.0,0.0,4.0,2011-12
O,35000000000000.0,San Benito,I,2.0,0.0,0.0,0.0,0.0,0.0,0.0,0.0,2011-12
O,35000000000000.0,San Benito,I,6.0,0.0,0.0,0.0,0.0,0.0,0.0,0.0,2011-12
O,35000000000000.0,San Benito,I,0.0,0.0,0.0,1.0,0.0,0.0,0.0,1.0,2011-12
O,35000000000000.0,San Benito,I,4.0,0.0,0.0,0.0,0.0,0.0,0.0,0.0,2011-12
O,35000000000000.0,San Benito,I,5.0,0.0,0.0,0.0,12.0,0.0,9.0,21.0,2011-12
O,35000000000000.0,San Benito,I,1.0,0.0,0.0,0.0,0.0,0.0,0.0,0.0,2011-12
O,35000000000000.0,San Benito,I,9.0,0.0,0.0,0.0,0.0,0.0,0.0,0.0,2011-12
O,35000000000000.0,San Benito,I,7.0,0.0,0.0,1.0,7.0,0.0,8.0,16.0,2011-12
O,35000000000000.0,San Benito,O,2.0,0.0,0.0,0.0,1.0,0.0,1.0,2.0,2011-12
O,35000000000000.0,San Benito,O,6.0,0.0,2.0,0.0,11.0,1.0,2.0,16.0,2011-12
O,35000000000000.0,San Benito,O,0.0,0.0,2.0,3.0,19.0,2.0,2.0,28.0,2011-12
O,35000000000000.0,San Benito,O,4.0,0.0,1.0,1.0,2.0,0.0,0.0,4.0,2011-12
O,35000000000000.0,San Benito,O,5.0,7.0,50.0,69.0,187.0,37.0,103.0,453.0,2011-12
O,35000000000000.0,San Benito,O,1.0,0.0,1.0,0.0,3.0,0.0,0.0,4.0,2011-12
O,35000000000000.0,San Benito,O,9.0,0.0,1.0,0.0,0.0,0.0,1.0,2.0,2011-12
O,35000000000000.0,San Benito,O,7.0,1.0,18.0,15.0,72.0,5.0,27.0,138.0,2011-12
O,36000000000000.0,San Bernardino,E,2.0,1.0,3.0,2.0,3.0,0.0,0.0,9.0,2011-12
O,36000000000000.0,San Bernardino,E,6.0,23.0,32.0,52.0,82.0,9.0,14.0,212.0,2011-12
O,36000000000000.0,San Bernardino,E,0.0,0.0,0.0,0.0,1.0,0.0,0.0,1.0,2011-12
O,36000000000000.0,San Bernardino,E,4.0,5.0,0.0,0.0,0.0,1.0,1.0,7.0,2011-12
O,36000000000000.0,San Bernardino,E,5.0,94.0,148.0,55.0,160.0,18.0,28.0,503.0,2011-12
O,36000000000000.0,San Bernardino,E,1.0,1.0,0.0,1.0,5.0,1.0,3.0,11.0,2011-12
O,36000000000000.0,San Bernardino,E,3.0,2.0,1.0,3.0,2.0,0.0,0.0,8.0,2011-12
O,36000000000000.0,San Bernardino,E,9.0,2.0,4.0,3.0,5.0,0.0,1.0,15.0,2011-12
O,36000000000000.0,San Bernardino,E,7.0,35.0,71.0,21.0,44.0,7.0,12.0,190.0,2011-12
O,36000000000000.0,San Bernardino,I,2.0,1.0,1.0,4.0,13.0,4.0,85.0,108.0,2011-12
O,36000000000000.0,San Bernardino,I,6.0,21.0,4.0,37.0,583.0,57.0,3565.0,4267.0,2011-12
O,36000000000000.0,San Bernardino,I,0.0,0.0,0.0,5.0,8.0,2.0,31.0,46.0,2011-12
O,36000000000000.0,San Bernardino,I,4.0,0.0,0.0,1.0,16.0,3.0,53.0,73.0,2011-12
O,36000000000000.0,San Bernardino,I,5.0,33.0,25.0,94.0,937.0,166.0,10376.0,11631.0,2011-12
O,36000000000000.0,San Bernardino,I,1.0,0.0,0.0,3.0,16.0,0.0,106.0,125.0,2011-12
O,36000000000000.0,San Bernardino,I,3.0,0.0,0.0,3.0,12.0,3.0,84.0,102.0,2011-12
O,36000000000000.0,San Bernardino,I,9.0,1.0,1.0,1.0,44.0,5.0,147.0,199.0,2011-12
O,36000000000000.0,San Bernardino,I,7.0,15.0,6.0,70.0,363.0,66.0,2031.0,2551.0,2011-12
O,36000000000000.0,San Bernardino,O,2.0,14.0,28.0,17.0,134.0,18.0,60.0,271.0,2011-12
O,36000000000000.0,San Bernardino,O,6.0,227.0,525.0,710.0,5685.0,462.0,3636.0,11245.0,2011-12
O,36000000000000.0,San Bernardino,O,0.0,5.0,16.0,15.0,116.0,13.0,61.0,226.0,2011-12
O,36000000000000.0,San Bernardino,O,4.0,8.0,23.0,19.0,85.0,12.0,40.0,187.0,2011-12
O,36000000000000.0,San Bernardino,O,5.0,717.0,2433.0,1195.0,10999.0,1190.0,8457.0,24991.0,2011-12
O,36000000000000.0,San Bernardino,O,1.0,7.0,19.0,15.0,137.0,11.0,107.0,296.0,2011-12
O,36000000000000.0,San Bernardino,O,3.0,8.0,13.0,18.0,121.0,18.0,51.0,229.0,2011-12
O,36000000000000.0,San Bernardino,O,9.0,19.0,38.0,53.0,303.0,32.0,167.0,612.0,2011-12
O,36000000000000.0,San Bernardino,O,7.0,250.0,567.0,598.0,3242.0,324.0,2136.0,7117.0,2011-12
O,37000000000000.0,San Diego,E,2.0,2.0,6.0,1.0,2.0,0.0,0.0,11.0,2011-12
O,37000000000000.0,San Diego,E,6.0,8.0,13.0,16.0,13.0,4.0,5.0,59.0,2011-12
O,37000000000000.0,San Diego,E,0.0,0.0,1.0,0.0,0.0,0.0,0.0,1.0,2011-12
O,37000000000000.0,San Diego,E,4.0,0.0,3.0,2.0,1.0,0.0,0.0,6.0,2011-12
O,37000000000000.0,San Diego,E,5.0,88.0,145.0,61.0,59.0,8.0,28.0,389.0,2011-12
O,37000000000000.0,San Diego,E,1.0,2.0,4.0,0.0,0.0,1.0,0.0,7.0,2011-12
O,37000000000000.0,San Diego,E,3.0,0.0,0.0,4.0,2.0,1.0,0.0,7.0,2011-12
O,37000000000000.0,San Diego,E,9.0,4.0,4.0,2.0,2.0,0.0,0.0,12.0,2011-12
O,37000000000000.0,San Diego,E,7.0,17.0,55.0,13.0,12.0,1.0,3.0,101.0,2011-12
O,37000000000000.0,San Diego,I,2.0,2.0,2.0,7.0,26.0,3.0,62.0,102.0,2011-12
O,37000000000000.0,San Diego,I,6.0,11.0,4.0,35.0,247.0,42.0,711.0,1050.0,2011-12
O,37000000000000.0,San Diego,I,0.0,0.0,1.0,2.0,2.0,1.0,23.0,29.0,2011-12
O,37000000000000.0,San Diego,I,4.0,1.0,2.0,6.0,23.0,6.0,39.0,77.0,2011-12
O,37000000000000.0,San Diego,I,5.0,39.0,49.0,217.0,753.0,208.0,2803.0,4069.0,2011-12
O,37000000000000.0,San Diego,I,1.0,0.0,2.0,3.0,19.0,3.0,44.0,71.0,2011-12
O,37000000000000.0,San Diego,I,3.0,1.0,1.0,11.0,13.0,5.0,62.0,93.0,2011-12
O,37000000000000.0,San Diego,I,9.0,4.0,8.0,12.0,69.0,13.0,128.0,234.0,2011-12
O,37000000000000.0,San Diego,I,7.0,23.0,10.0,129.0,396.0,74.0,834.0,1466.0,2011-12
O,37000000000000.0,San Diego,O,2.0,12.0,59.0,33.0,161.0,29.0,81.0,375.0,2011-12
O,37000000000000.0,San Diego,O,6.0,78.0,220.0,367.0,1578.0,251.0,1607.0,4101.0,2011-12
O,37000000000000.0,San Diego,O,0.0,6.0,11.0,17.0,51.0,9.0,41.0,135.0,2011-12
O,37000000000000.0,San Diego,O,4.0,23.0,56.0,70.0,137.0,45.0,125.0,456.0,2011-12
O,37000000000000.0,San Diego,O,5.0,659.0,2171.0,1526.0,4887.0,951.0,6697.0,16891.0,2011-12
O,37000000000000.0,San Diego,O,1.0,15.0,27.0,30.0,117.0,15.0,108.0,312.0,2011-12
O,37000000000000.0,San Diego,O,3.0,9.0,33.0,29.0,76.0,17.0,84.0,248.0,2011-12
O,37000000000000.0,San Diego,O,9.0,40.0,79.0,79.0,336.0,63.0,287.0,884.0,2011-12
O,37000000000000.0,San Diego,O,7.0,243.0,604.0,514.0,1945.0,279.0,1658.0,5243.0,2011-12
O,38000000000000.0,San Francisco,E,2.0,1.0,5.0,0.0,0.0,0.0,0.0,6.0,2011-12
O,38000000000000.0,San Francisco,E,6.0,4.0,1.0,7.0,0.0,0.0,0.0,12.0,2011-12
O,38000000000000.0,San Francisco,E,4.0,0.0,1.0,0.0,0.0,0.0,0.0,1.0,2011-12
O,38000000000000.0,San Francisco,E,5.0,0.0,6.0,1.0,1.0,0.0,0.0,8.0,2011-12
O,38000000000000.0,San Francisco,E,1.0,0.0,0.0,1.0,0.0,0.0,0.0,1.0,2011-12
O,38000000000000.0,San Francisco,E,3.0,1.0,0.0,1.0,0.0,0.0,0.0,2.0,2011-12
O,38000000000000.0,San Francisco,E,9.0,0.0,1.0,0.0,0.0,0.0,1.0,2.0,2011-12
O,38000000000000.0,San Francisco,E,7.0,0.0,0.0,1.0,0.0,0.0,0.0,1.0,2011-12
O,38000000000000.0,San Francisco,I,2.0,0.0,0.0,0.0,0.0,0.0,0.0,0.0,2011-12
O,38000000000000.0,San Francisco,I,6.0,0.0,0.0,0.0,4.0,0.0,32.0,36.0,2011-12
O,38000000000000.0,San Francisco,I,0.0,0.0,0.0,0.0,0.0,0.0,1.0,1.0,2011-12
O,38000000000000.0,San Francisco,I,4.0,0.0,0.0,0.0,0.0,0.0,2.0,2.0,2011-12
O,38000000000000.0,San Francisco,I,5.0,0.0,0.0,0.0,4.0,0.0,18.0,22.0,2011-12
O,38000000000000.0,San Francisco,I,1.0,0.0,0.0,0.0,0.0,0.0,0.0,0.0,2011-12
O,38000000000000.0,San Francisco,I,3.0,0.0,0.0,0.0,0.0,0.0,1.0,1.0,2011-12
O,38000000000000.0,San Francisco,I,9.0,0.0,0.0,0.0,1.0,0.0,5.0,6.0,2011-12
O,38000000000000.0,San Francisco,I,7.0,0.0,0.0,0.0,0.0,0.0,2.0,2.0,2011-12
O,38000000000000.0,San Francisco,O,2.0,28.0,17.0,52.0,70.0,27.0,25.0,219.0,2011-12
O,38000000000000.0,San Francisco,O,6.0,36.0,46.0,269.0,432.0,89.0,277.0,1149.0,2011-12
O,38000000000000.0,San Francisco,O,0.0,3.0,4.0,7.0,19.0,5.0,11.0,49.0,2011-12
O,38000000000000.0,San Francisco,O,4.0,4.0,6.0,10.0,15.0,8.0,9.0,52.0,2011-12
O,38000000000000.0,San Francisco,O,5.0,36.0,111.0,158.0,230.0,61.0,219.0,815.0,2011-12
O,38000000000000.0,San Francisco,O,1.0,1.0,2.0,4.0,5.0,1.0,2.0,15.0,2011-12
O,38000000000000.0,San Francisco,O,3.0,5.0,9.0,18.0,23.0,6.0,12.0,73.0,2011-12
O,38000000000000.0,San Francisco,O,9.0,4.0,4.0,4.0,13.0,5.0,14.0,44.0,2011-12
O,38000000000000.0,San Francisco,O,7.0,9.0,24.0,19.0,48.0,8.0,20.0,128.0,2011-12
O,39000000000000.0,San Joaquin,E,2.0,3.0,3.0,1.0,9.0,0.0,0.0,16.0,2011-12
O,39000000000000.0,San Joaquin,E,6.0,6.0,7.0,18.0,51.0,1.0,10.0,93.0,2011-12
O,39000000000000.0,San Joaquin,E,0.0,0.0,0.0,0.0,0.0,0.0,1.0,1.0,2011-12
O,39000000000000.0,San Joaquin,E,4.0,0.0,2.0,0.0,1.0,0.0,1.0,4.0,2011-12
O,39000000000000.0,San Joaquin,E,5.0,14.0,36.0,21.0,58.0,2.0,26.0,157.0,2011-12
O,39000000000000.0,San Joaquin,E,1.0,1.0,0.0,2.0,4.0,0.0,1.0,8.0,2011-12
O,39000000000000.0,San Joaquin,E,3.0,0.0,1.0,0.0,1.0,0.0,0.0,2.0,2011-12
O,39000000000000.0,San Joaquin,E,9.0,0.0,1.0,2.0,5.0,0.0,0.0,8.0,2011-12
O,39000000000000.0,San Joaquin,E,7.0,10.0,24.0,4.0,30.0,0.0,17.0,85.0,2011-12
O,39000000000000.0,San Joaquin,I,2.0,0.0,0.0,2.0,13.0,0.0,285.0,300.0,2011-12
O,39000000000000.0,San Joaquin,I,6.0,2.0,1.0,4.0,158.0,13.0,854.0,1032.0,2011-12
O,39000000000000.0,San Joaquin,I,0.0,0.0,0.0,0.0,0.0,0.0,0.0,0.0,2011-12
O,39000000000000.0,San Joaquin,I,4.0,0.0,0.0,0.0,14.0,2.0,125.0,141.0,2011-12
O,39000000000000.0,San Joaquin,I,5.0,3.0,15.0,11.0,235.0,20.0,3045.0,3329.0,2011-12
O,39000000000000.0,San Joaquin,I,1.0,0.0,2.0,0.0,21.0,0.0,80.0,103.0,2011-12
O,39000000000000.0,San Joaquin,I,3.0,0.0,0.0,0.0,8.0,0.0,89.0,97.0,2011-12
O,39000000000000.0,San Joaquin,I,9.0,0.0,0.0,0.0,6.0,0.0,107.0,113.0,2011-12
O,39000000000000.0,San Joaquin,I,7.0,3.0,6.0,14.0,108.0,13.0,1271.0,1415.0,2011-12
O,39000000000000.0,San Joaquin,O,2.0,36.0,42.0,35.0,294.0,37.0,601.0,1045.0,2011-12
O,39000000000000.0,San Joaquin,O,6.0,57.0,152.0,221.0,1976.0,140.0,2764.0,5310.0,2011-12
O,39000000000000.0,San Joaquin,O,0.0,3.0,2.0,4.0,27.0,1.0,36.0,73.0,2011-12
O,39000000000000.0,San Joaquin,O,4.0,7.0,20.0,15.0,176.0,11.0,216.0,445.0,2011-12
O,39000000000000.0,San Joaquin,O,5.0,201.0,487.0,344.0,3117.0,248.0,5493.0,9890.0,2011-12
O,39000000000000.0,San Joaquin,O,1.0,6.0,16.0,12.0,213.0,11.0,230.0,488.0,2011-12
O,39000000000000.0,San Joaquin,O,3.0,4.0,6.0,8.0,46.0,2.0,76.0,142.0,2011-12
O,39000000000000.0,San Joaquin,O,9.0,8.0,15.0,24.0,177.0,14.0,249.0,487.0,2011-12
O,39000000000000.0,San Joaquin,O,7.0,84.0,245.0,249.0,1504.0,120.0,2392.0,4594.0,2011-12
O,40000000000000.0,San Luis Obispo,E,6.0,0.0,0.0,1.0,1.0,0.0,0.0,2.0,2011-12
O,40000000000000.0,San Luis Obispo,E,5.0,8.0,25.0,2.0,5.0,0.0,3.0,43.0,2011-12
O,40000000000000.0,San Luis Obispo,E,1.0,0.0,1.0,0.0,1.0,0.0,0.0,2.0,2011-12
O,40000000000000.0,San Luis Obispo,E,9.0,1.0,1.0,0.0,0.0,0.0,0.0,2.0,2011-12
O,40000000000000.0,San Luis Obispo,E,7.0,7.0,23.0,2.0,5.0,2.0,4.0,43.0,2011-12
O,40000000000000.0,San Luis Obispo,I,2.0,0.0,0.0,0.0,1.0,0.0,1.0,2.0,2011-12
O,40000000000000.0,San Luis Obispo,I,6.0,0.0,0.0,2.0,4.0,0.0,2.0,8.0,2011-12
O,40000000000000.0,San Luis Obispo,I,0.0,0.0,0.0,1.0,1.0,0.0,1.0,3.0,2011-12
O,40000000000000.0,San Luis Obispo,I,4.0,0.0,0.0,0.0,2.0,0.0,1.0,3.0,2011-12
O,40000000000000.0,San Luis Obispo,I,5.0,3.0,2.0,11.0,25.0,5.0,51.0,97.0,2011-12
O,40000000000000.0,San Luis Obispo,I,1.0,0.0,0.0,0.0,2.0,0.0,2.0,4.0,2011-12
O,40000000000000.0,San Luis Obispo,I,3.0,1.0,0.0,0.0,0.0,0.0,0.0,1.0,2011-12
O,40000000000000.0,San Luis Obispo,I,9.0,1.0,0.0,0.0,2.0,0.0,5.0,8.0,2011-12
O,40000000000000.0,San Luis Obispo,I,7.0,6.0,3.0,19.0,61.0,8.0,68.0,165.0,2011-12
O,40000000000000.0,San Luis Obispo,O,2.0,1.0,2.0,2.0,0.0,0.0,1.0,6.0,2011-12
O,40000000000000.0,San Luis Obispo,O,6.0,0.0,6.0,10.0,48.0,1.0,23.0,88.0,2011-12
O,40000000000000.0,San Luis Obispo,O,0.0,0.0,1.0,4.0,4.0,0.0,2.0,11.0,2011-12
O,40000000000000.0,San Luis Obispo,O,4.0,2.0,5.0,1.0,5.0,2.0,8.0,23.0,2011-12
O,40000000000000.0,San Luis Obispo,O,5.0,46.0,168.0,128.0,444.0,65.0,552.0,1403.0,2011-12
O,40000000000000.0,San Luis Obispo,O,1.0,0.0,6.0,2.0,7.0,4.0,6.0,25.0,2011-12
O,40000000000000.0,San Luis Obispo,O,3.0,2.0,1.0,2.0,4.0,0.0,7.0,16.0,2011-12
O,40000000000000.0,San Luis Obispo,O,9.0,1.0,11.0,9.0,24.0,5.0,2.0,52.0,2011-12
O,40000000000000.0,San Luis Obispo,O,7.0,60.0,196.0,132.0,509.0,86.0,474.0,1457.0,2011-12
O,41000000000000.0,San Mateo,E,2.0,2.0,4.0,0.0,0.0,0.0,0.0,6.0,2011-12
O,41000000000000.0,San Mateo,E,6.0,1.0,7.0,2.0,6.0,0.0,1.0,17.0,2011-12
O,41000000000000.0,San Mateo,E,4.0,2.0,6.0,1.0,0.0,0.0,1.0,10.0,2011-12
O,41000000000000.0,San Mateo,E,5.0,10.0,47.0,22.0,27.0,4.0,6.0,116.0,2011-12
O,41000000000000.0,San Mateo,E,1.0,0.0,2.0,0.0,0.0,0.0,0.0,2.0,2011-12
O,41000000000000.0,San Mateo,E,3.0,0.0,2.0,2.0,3.0,1.0,2.0,10.0,2011-12
O,41000000000000.0,San Mateo,E,9.0,5.0,7.0,0.0,1.0,0.0,0.0,13.0,2011-12
O,41000000000000.0,San Mateo,E,7.0,2.0,13.0,3.0,4.0,0.0,1.0,23.0,2011-12
O,41000000000000.0,San Mateo,I,2.0,0.0,0.0,6.0,15.0,1.0,33.0,55.0,2011-12
O,41000000000000.0,San Mateo,I,6.0,0.0,1.0,11.0,28.0,2.0,53.0,95.0,2011-12
O,41000000000000.0,San Mateo,I,0.0,0.0,0.0,0.0,0.0,1.0,0.0,1.0,2011-12
O,41000000000000.0,San Mateo,I,4.0,0.0,0.0,9.0,23.0,3.0,33.0,68.0,2011-12
O,41000000000000.0,San Mateo,I,5.0,2.0,2.0,27.0,194.0,21.0,635.0,881.0,2011-12
O,41000000000000.0,San Mateo,I,1.0,0.0,0.0,0.0,1.0,0.0,2.0,3.0,2011-12
O,41000000000000.0,San Mateo,I,3.0,0.0,0.0,0.0,11.0,1.0,29.0,41.0,2011-12
O,41000000000000.0,San Mateo,I,9.0,1.0,2.0,3.0,21.0,2.0,73.0,102.0,2011-12
O,41000000000000.0,San Mateo,I,7.0,0.0,1.0,5.0,37.0,2.0,131.0,176.0,2011-12
O,41000000000000.0,San Mateo,O,2.0,8.0,28.0,17.0,65.0,7.0,82.0,207.0,2011-12
O,41000000000000.0,San Mateo,O,6.0,3.0,53.0,35.0,249.0,32.0,209.0,581.0,2011-12
O,41000000000000.0,San Mateo,O,0.0,1.0,2.0,4.0,6.0,1.0,2.0,16.0,2011-12
O,41000000000000.0,San Mateo,O,4.0,12.0,38.0,22.0,87.0,11.0,82.0,252.0,2011-12
O,41000000000000.0,San Mateo,O,5.0,73.0,451.0,161.0,1485.0,161.0,1648.0,3979.0,2011-12
O,41000000000000.0,San Mateo,O,1.0,1.0,6.0,4.0,7.0,1.0,18.0,37.0,2011-12
O,41000000000000.0,San Mateo,O,3.0,1.0,50.0,21.0,133.0,31.0,145.0,381.0,2011-12
O,41000000000000.0,San Mateo,O,9.0,5.0,47.0,13.0,135.0,8.0,149.0,357.0,2011-12
O,41000000000000.0,San Mateo,O,7.0,23.0,127.0,69.0,440.0,34.0,364.0,1057.0,2011-12
O,42000000000000.0,Santa Barbara,E,6.0,0.0,1.0,0.0,0.0,0.0,0.0,1.0,2011-12
O,42000000000000.0,Santa Barbara,E,5.0,4.0,14.0,4.0,7.0,1.0,2.0,32.0,2011-12
O,42000000000000.0,Santa Barbara,E,1.0,0.0,1.0,0.0,0.0,0.0,0.0,1.0,2011-12
O,42000000000000.0,Santa Barbara,E,9.0,0.0,0.0,0.0,1.0,0.0,0.0,1.0,2011-12
O,42000000000000.0,Santa Barbara,E,7.0,2.0,2.0,0.0,0.0,0.0,1.0,5.0,2011-12
O,42000000000000.0,Santa Barbara,I,2.0,0.0,0.0,0.0,2.0,0.0,2.0,4.0,2011-12
O,42000000000000.0,Santa Barbara,I,6.0,0.0,4.0,0.0,15.0,0.0,51.0,70.0,2011-12
O,42000000000000.0,Santa Barbara,I,0.0,0.0,0.0,0.0,3.0,0.0,8.0,11.0,2011-12
O,42000000000000.0,Santa Barbara,I,4.0,0.0,0.0,3.0,1.0,0.0,5.0,9.0,2011-12
O,42000000000000.0,Santa Barbara,I,5.0,15.0,24.0,62.0,205.0,49.0,669.0,1024.0,2011-12
O,42000000000000.0,Santa Barbara,I,1.0,0.0,0.0,3.0,3.0,2.0,8.0,16.0,2011-12
O,42000000000000.0,Santa Barbara,I,3.0,0.0,0.0,0.0,0.0,0.0,0.0,0.0,2011-12
O,42000000000000.0,Santa Barbara,I,9.0,0.0,1.0,0.0,1.0,2.0,7.0,11.0,2011-12
O,42000000000000.0,Santa Barbara,I,7.0,2.0,19.0,11.0,38.0,13.0,152.0,235.0,2011-12
O,42000000000000.0,Santa Barbara,O,2.0,1.0,5.0,3.0,4.0,0.0,7.0,20.0,2011-12
O,42000000000000.0,Santa Barbara,O,6.0,6.0,30.0,24.0,60.0,6.0,66.0,192.0,2011-12
O,42000000000000.0,Santa Barbara,O,0.0,0.0,5.0,3.0,2.0,2.0,1.0,13.0,2011-12
O,42000000000000.0,Santa Barbara,O,4.0,0.0,2.0,7.0,5.0,2.0,13.0,29.0,2011-12
O,42000000000000.0,Santa Barbara,O,5.0,106.0,506.0,521.0,969.0,163.0,1017.0,3282.0,2011-12
O,42000000000000.0,Santa Barbara,O,1.0,1.0,1.0,12.0,16.0,3.0,9.0,42.0,2011-12
O,42000000000000.0,Santa Barbara,O,3.0,1.0,0.0,2.0,2.0,1.0,2.0,8.0,2011-12
O,42000000000000.0,Santa Barbara,O,9.0,1.0,8.0,9.0,38.0,2.0,46.0,104.0,2011-12
O,42000000000000.0,Santa Barbara,O,7.0,34.0,127.0,85.0,254.0,30.0,266.0,796.0,2011-12
O,43000000000000.0,Santa Clara,E,2.0,4.0,6.0,4.0,0.0,2.0,0.0,16.0,2011-12
O,43000000000000.0,Santa Clara,E,6.0,2.0,0.0,2.0,1.0,0.0,2.0,7.0,2011-12
O,43000000000000.0,Santa Clara,E,0.0,0.0,1.0,0.0,0.0,0.0,0.0,1.0,2011-12
O,43000000000000.0,Santa Clara,E,4.0,0.0,3.0,2.0,1.0,0.0,1.0,7.0,2011-12
O,43000000000000.0,Santa Clara,E,5.0,48.0,53.0,39.0,33.0,6.0,8.0,187.0,2011-12
O,43000000000000.0,Santa Clara,E,1.0,1.0,0.0,0.0,0.0,0.0,0.0,1.0,2011-12
O,43000000000000.0,Santa Clara,E,3.0,1.0,0.0,0.0,0.0,0.0,0.0,1.0,2011-12
O,43000000000000.0,Santa Clara,E,9.0,2.0,0.0,0.0,0.0,0.0,0.0,2.0,2011-12
O,43000000000000.0,Santa Clara,E,7.0,11.0,11.0,6.0,6.0,0.0,1.0,35.0,2011-12
O,43000000000000.0,Santa Clara,I,2.0,1.0,15.0,7.0,33.0,9.0,54.0,119.0,2011-12
O,43000000000000.0,Santa Clara,I,6.0,0.0,6.0,9.0,27.0,6.0,83.0,131.0,2011-12
O,43000000000000.0,Santa Clara,I,0.0,0.0,0.0,0.0,4.0,0.0,4.0,8.0,2011-12
O,43000000000000.0,Santa Clara,I,4.0,1.0,10.0,3.0,15.0,5.0,56.0,90.0,2011-12
O,43000000000000.0,Santa Clara,I,5.0,5.0,65.0,44.0,299.0,60.0,1571.0,2044.0,2011-12
O,43000000000000.0,Santa Clara,I,1.0,0.0,1.0,1.0,2.0,0.0,5.0,9.0,2011-12
O,43000000000000.0,Santa Clara,I,3.0,0.0,1.0,0.0,5.0,1.0,18.0,25.0,2011-12
O,43000000000000.0,Santa Clara,I,9.0,0.0,1.0,3.0,5.0,1.0,26.0,36.0,2011-12
O,43000000000000.0,Santa Clara,I,7.0,3.0,16.0,11.0,59.0,11.0,244.0,344.0,2011-12
O,43000000000000.0,Santa Clara,O,2.0,59.0,108.0,103.0,392.0,104.0,220.0,986.0,2011-12
O,43000000000000.0,Santa Clara,O,6.0,23.0,151.0,142.0,366.0,68.0,246.0,996.0,2011-12
O,43000000000000.0,Santa Clara,O,0.0,1.0,8.0,17.0,46.0,6.0,18.0,96.0,2011-12
O,43000000000000.0,Santa Clara,O,4.0,27.0,58.0,31.0,105.0,24.0,75.0,320.0,2011-12
O,43000000000000.0,Santa Clara,O,5.0,393.0,1361.0,1173.0,3213.0,552.0,3053.0,9745.0,2011-12
O,43000000000000.0,Santa Clara,O,1.0,6.0,7.0,12.0,21.0,3.0,38.0,87.0,2011-12
O,43000000000000.0,Santa Clara,O,3.0,13.0,15.0,27.0,60.0,14.0,46.0,175.0,2011-12
O,43000000000000.0,Santa Clara,O,9.0,9.0,40.0,44.0,78.0,14.0,84.0,269.0,2011-12
O,43000000000000.0,Santa Clara,O,7.0,79.0,355.0,279.0,746.0,141.0,507.0,2107.0,2011-12
O,44000000000000.0,Santa Cruz,E,5.0,6.0,6.0,12.0,6.0,1.0,2.0,33.0,2011-12
O,44000000000000.0,Santa Cruz,E,1.0,0.0,2.0,0.0,0.0,0.0,0.0,2.0,2011-12
O,44000000000000.0,Santa Cruz,E,7.0,2.0,9.0,0.0,0.0,0.0,0.0,11.0,2011-12
O,44000000000000.0,Santa Cruz,I,2.0,0.0,0.0,0.0,0.0,1.0,2.0,3.0,2011-12
O,44000000000000.0,Santa Cruz,I,6.0,0.0,0.0,0.0,0.0,0.0,1.0,1.0,2011-12
O,44000000000000.0,Santa Cruz,I,0.0,0.0,0.0,0.0,0.0,0.0,0.0,0.0,2011-12
O,44000000000000.0,Santa Cruz,I,4.0,0.0,0.0,0.0,1.0,0.0,0.0,1.0,2011-12
O,44000000000000.0,Santa Cruz,I,5.0,1.0,3.0,0.0,15.0,4.0,20.0,43.0,2011-12
O,44000000000000.0,Santa Cruz,I,1.0,0.0,0.0,0.0,0.0,0.0,0.0,0.0,2011-12
O,44000000000000.0,Santa Cruz,I,3.0,0.0,0.0,0.0,0.0,0.0,0.0,0.0,2011-12
O,44000000000000.0,Santa Cruz,I,9.0,0.0,0.0,0.0,0.0,0.0,0.0,0.0,2011-12
O,44000000000000.0,Santa Cruz,I,7.0,1.0,2.0,3.0,25.0,2.0,12.0,45.0,2011-12
O,44000000000000.0,Santa Cruz,O,2.0,1.0,0.0,0.0,5.0,0.0,2.0,8.0,2011-12
O,44000000000000.0,Santa Cruz,O,6.0,0.0,2.0,2.0,15.0,1.0,6.0,26.0,2011-12
O,44000000000000.0,Santa Cruz,O,0.0,1.0,1.0,1.0,0.0,0.0,1.0,4.0,2011-12
O,44000000000000.0,Santa Cruz,O,4.0,1.0,0.0,1.0,1.0,0.0,0.0,3.0,2011-12
O,44000000000000.0,Santa Cruz,O,5.0,13.0,42.0,18.0,93.0,21.0,46.0,233.0,2011-12
O,44000000000000.0,Santa Cruz,O,1.0,0.0,2.0,0.0,2.0,0.0,1.0,5.0,2011-12
O,44000000000000.0,Santa Cruz,O,3.0,0.0,2.0,0.0,1.0,0.0,1.0,4.0,2011-12
O,44000000000000.0,Santa Cruz,O,9.0,4.0,7.0,5.0,9.0,1.0,8.0,34.0,2011-12
O,44000000000000.0,Santa Cruz,O,7.0,18.0,67.0,27.0,135.0,6.0,80.0,333.0,2011-12
O,45000000000000.0,Shasta,E,2.0,0.0,1.0,0.0,0.0,0.0,0.0,1.0,2011-12
O,45000000000000.0,Shasta,E,6.0,0.0,3.0,0.0,0.0,0.0,0.0,3.0,2011-12
O,45000000000000.0,Shasta,E,5.0,2.0,5.0,3.0,0.0,0.0,0.0,10.0,2011-12
O,45000000000000.0,Shasta,E,1.0,0.0,0.0,1.0,2.0,0.0,1.0,4.0,2011-12
O,45000000000000.0,Shasta,E,9.0,1.0,1.0,0.0,0.0,0.0,1.0,3.0,2011-12
O,45000000000000.0,Shasta,E,7.0,4.0,15.0,4.0,6.0,1.0,4.0,34.0,2011-12
O,45000000000000.0,Shasta,I,2.0,0.0,0.0,0.0,1.0,0.0,8.0,9.0,2011-12
O,45000000000000.0,Shasta,I,6.0,0.0,0.0,5.0,21.0,3.0,323.0,352.0,2011-12
O,45000000000000.0,Shasta,I,0.0,0.0,0.0,0.0,0.0,0.0,0.0,0.0,2011-12
O,45000000000000.0,Shasta,I,4.0,0.0,0.0,0.0,0.0,0.0,0.0,0.0,2011-12
O,45000000000000.0,Shasta,I,5.0,0.0,6.0,4.0,41.0,5.0,585.0,641.0,2011-12
O,45000000000000.0,Shasta,I,1.0,1.0,0.0,1.0,14.0,5.0,137.0,158.0,2011-12
O,45000000000000.0,Shasta,I,3.0,0.0,0.0,0.0,1.0,0.0,3.0,4.0,2011-12
O,45000000000000.0,Shasta,I,9.0,0.0,0.0,5.0,10.0,0.0,51.0,66.0,2011-12
O,45000000000000.0,Shasta,I,7.0,4.0,6.0,42.0,168.0,38.0,1365.0,1623.0,2011-12
O,45000000000000.0,Shasta,O,2.0,2.0,6.0,0.0,15.0,1.0,21.0,45.0,2011-12
O,45000000000000.0,Shasta,O,6.0,1.0,14.0,12.0,31.0,6.0,66.0,130.0,2011-12
O,45000000000000.0,Shasta,O,0.0,0.0,2.0,0.0,3.0,3.0,3.0,11.0,2011-12
O,45000000000000.0,Shasta,O,4.0,1.0,0.0,0.0,0.0,0.0,3.0,4.0,2011-12
O,45000000000000.0,Shasta,O,5.0,10.0,62.0,22.0,126.0,16.0,181.0,417.0,2011-12
O,45000000000000.0,Shasta,O,1.0,10.0,26.0,13.0,76.0,19.0,118.0,262.0,2011-12
O,45000000000000.0,Shasta,O,3.0,1.0,1.0,1.0,6.0,0.0,4.0,13.0,2011-12
O,45000000000000.0,Shasta,O,9.0,3.0,22.0,6.0,48.0,11.0,74.0,164.0,2011-12
O,45000000000000.0,Shasta,O,7.0,58.0,304.0,144.0,734.0,160.0,969.0,2369.0,2011-12
O,46000000000000.0,Sierra,I,5.0,0.0,0.0,0.0,0.0,0.0,1.0,1.0,2011-12
O,46000000000000.0,Sierra,I,7.0,0.0,0.0,0.0,0.0,0.0,1.0,1.0,2011-12
O,46000000000000.0,Sierra,O,5.0,0.0,0.0,0.0,2.0,1.0,1.0,4.0,2011-12
O,46000000000000.0,Sierra,O,7.0,0.0,0.0,0.0,1.0,0.0,1.0,2.0,2011-12
O,47000000000000.0,Siskiyou,E,5.0,0.0,1.0,1.0,0.0,0.0,0.0,2.0,2011-12
O,47000000000000.0,Siskiyou,E,1.0,0.0,1.0,0.0,0.0,0.0,0.0,1.0,2011-12
O,47000000000000.0,Siskiyou,E,7.0,0.0,9.0,0.0,2.0,0.0,0.0,11.0,2011-12
O,47000000000000.0,Siskiyou,I,2.0,0.0,0.0,0.0,0.0,0.0,0.0,0.0,2011-12
O,47000000000000.0,Siskiyou,I,6.0,0.0,0.0,1.0,3.0,0.0,4.0,8.0,2011-12
O,47000000000000.0,Siskiyou,I,0.0,0.0,0.0,0.0,0.0,0.0,1.0,1.0,2011-12
O,47000000000000.0,Siskiyou,I,5.0,0.0,0.0,4.0,11.0,1.0,11.0,27.0,2011-12
O,47000000000000.0,Siskiyou,I,1.0,1.0,0.0,1.0,0.0,0.0,3.0,5.0,2011-12
O,47000000000000.0,Siskiyou,I,9.0,0.0,0.0,0.0,1.0,0.0,5.0,6.0,2011-12
O,47000000000000.0,Siskiyou,I,7.0,1.0,0.0,4.0,31.0,9.0,42.0,87.0,2011-12
O,47000000000000.0,Siskiyou,O,2.0,0.0,2.0,0.0,3.0,0.0,3.0,8.0,2011-12
O,47000000000000.0,Siskiyou,O,6.0,0.0,4.0,2.0,11.0,2.0,8.0,27.0,2011-12
O,47000000000000.0,Siskiyou,O,0.0,0.0,0.0,0.0,1.0,0.0,0.0,1.0,2011-12
O,47000000000000.0,Siskiyou,O,5.0,2.0,11.0,4.0,27.0,1.0,38.0,83.0,2011-12
O,47000000000000.0,Siskiyou,O,1.0,0.0,5.0,8.0,21.0,2.0,21.0,57.0,2011-12
O,47000000000000.0,Siskiyou,O,9.0,1.0,2.0,2.0,7.0,2.0,3.0,17.0,2011-12
O,47000000000000.0,Siskiyou,O,7.0,7.0,22.0,8.0,130.0,12.0,74.0,253.0,2011-12
O,48000000000000.0,Solano,E,2.0,1.0,0.0,0.0,0.0,0.0,0.0,1.0,2011-12
O,48000000000000.0,Solano,E,6.0,0.0,4.0,18.0,14.0,0.0,3.0,39.0,2011-12
O,48000000000000.0,Solano,E,4.0,1.0,1.0,2.0,0.0,0.0,0.0,4.0,2011-12
O,48000000000000.0,Solano,E,5.0,2.0,11.0,12.0,14.0,0.0,7.0,46.0,2011-12
O,48000000000000.0,Solano,E,1.0,0.0,1.0,1.0,0.0,0.0,0.0,2.0,2011-12
O,48000000000000.0,Solano,E,3.0,1.0,0.0,1.0,0.0,0.0,0.0,2.0,2011-12
O,48000000000000.0,Solano,E,9.0,1.0,2.0,4.0,3.0,0.0,1.0,11.0,2011-12
O,48000000000000.0,Solano,E,7.0,3.0,2.0,4.0,11.0,0.0,2.0,22.0,2011-12
O,48000000000000.0,Solano,I,2.0,0.0,0.0,3.0,3.0,0.0,33.0,39.0,2011-12
O,48000000000000.0,Solano,I,6.0,5.0,3.0,236.0,366.0,14.0,4064.0,4688.0,2011-12
O,48000000000000.0,Solano,I,0.0,0.0,0.0,3.0,3.0,0.0,86.0,92.0,2011-12
O,48000000000000.0,Solano,I,4.0,0.0,1.0,6.0,17.0,2.0,145.0,171.0,2011-12
O,48000000000000.0,Solano,I,5.0,8.0,6.0,74.0,151.0,5.0,2064.0,2308.0,2011-12
O,48000000000000.0,Solano,I,1.0,0.0,0.0,2.0,8.0,1.0,61.0,72.0,2011-12
O,48000000000000.0,Solano,I,3.0,0.0,0.0,4.0,3.0,0.0,88.0,95.0,2011-12
O,48000000000000.0,Solano,I,9.0,0.0,0.0,10.0,6.0,0.0,77.0,93.0,2011-12
O,48000000000000.0,Solano,I,7.0,2.0,0.0,48.0,82.0,5.0,516.0,653.0,2011-12
O,48000000000000.0,Solano,O,2.0,4.0,23.0,24.0,33.0,3.0,52.0,139.0,2011-12
O,48000000000000.0,Solano,O,6.0,78.0,181.0,1584.0,1316.0,68.0,2101.0,5328.0,2011-12
O,48000000000000.0,Solano,O,0.0,3.0,5.0,15.0,14.0,0.0,24.0,61.0,2011-12
O,48000000000000.0,Solano,O,4.0,11.0,28.0,67.0,59.0,6.0,77.0,248.0,2011-12
O,48000000000000.0,Solano,O,5.0,104.0,260.0,610.0,899.0,57.0,1525.0,3455.0,2011-12
O,48000000000000.0,Solano,O,1.0,5.0,12.0,36.0,40.0,0.0,37.0,130.0,2011-12
O,48000000000000.0,Solano,O,3.0,3.0,9.0,14.0,32.0,2.0,52.0,112.0,2011-12
O,48000000000000.0,Solano,O,9.0,16.0,41.0,87.0,176.0,7.0,205.0,532.0,2011-12
O,48000000000000.0,Solano,O,7.0,59.0,169.0,329.0,579.0,38.0,852.0,2026.0,2011-12
O,49000000000000.0,Sonoma,E,2.0,1.0,2.0,0.0,2.0,0.0,1.0,6.0,2011-12
O,49000000000000.0,Sonoma,E,6.0,2.0,3.0,2.0,0.0,0.0,0.0,7.0,2011-12
O,49000000000000.0,Sonoma,E,5.0,16.0,61.0,26.0,19.0,1.0,10.0,133.0,2011-12
O,49000000000000.0,Sonoma,E,1.0,1.0,1.0,2.0,0.0,0.0,3.0,7.0,2011-12
O,49000000000000.0,Sonoma,E,9.0,2.0,2.0,0.0,1.0,1.0,0.0,6.0,2011-12
O,49000000000000.0,Sonoma,E,7.0,11.0,31.0,9.0,12.0,4.0,3.0,70.0,2011-12
O,49000000000000.0,Sonoma,I,2.0,0.0,1.0,0.0,4.0,0.0,21.0,26.0,2011-12
O,49000000000000.0,Sonoma,I,6.0,0.0,0.0,0.0,7.0,0.0,102.0,109.0,2011-12
O,49000000000000.0,Sonoma,I,0.0,0.0,0.0,1.0,0.0,0.0,12.0,13.0,2011-12
O,49000000000000.0,Sonoma,I,4.0,0.0,0.0,0.0,0.0,0.0,3.0,3.0,2011-12
O,49000000000000.0,Sonoma,I,5.0,2.0,1.0,5.0,85.0,17.0,1096.0,1206.0,2011-12
O,49000000000000.0,Sonoma,I,1.0,0.0,0.0,0.0,2.0,3.0,25.0,30.0,2011-12
O,49000000000000.0,Sonoma,I,3.0,0.0,0.0,0.0,1.0,0.0,12.0,13.0,2011-12
O,49000000000000.0,Sonoma,I,9.0,1.0,0.0,3.0,6.0,1.0,28.0,39.0,2011-12
O,49000000000000.0,Sonoma,I,7.0,4.0,7.0,12.0,73.0,20.0,857.0,973.0,2011-12
O,49000000000000.0,Sonoma,O,2.0,3.0,13.0,15.0,16.0,5.0,33.0,85.0,2011-12
O,49000000000000.0,Sonoma,O,6.0,5.0,16.0,52.0,45.0,10.0,107.0,235.0,2011-12
O,49000000000000.0,Sonoma,O,0.0,1.0,0.0,3.0,3.0,1.0,7.0,15.0,2011-12
O,49000000000000.0,Sonoma,O,4.0,0.0,2.0,3.0,6.0,0.0,5.0,16.0,2011-12
O,49000000000000.0,Sonoma,O,5.0,71.0,383.0,567.0,607.0,155.0,1454.0,3237.0,2011-12
O,49000000000000.0,Sonoma,O,1.0,5.0,21.0,26.0,34.0,5.0,71.0,162.0,2011-12
O,49000000000000.0,Sonoma,O,3.0,1.0,4.0,4.0,6.0,3.0,18.0,36.0,2011-12
O,49000000000000.0,Sonoma,O,9.0,5.0,23.0,37.0,28.0,10.0,70.0,173.0,2011-12
O,49000000000000.0,Sonoma,O,7.0,70.0,248.0,253.0,518.0,109.0,707.0,1905.0,2011-12
O,50000000000000.0,Stanislaus,E,2.0,1.0,5.0,1.0,6.0,0.0,1.0,14.0,2011-12
O,50000000000000.0,Stanislaus,E,6.0,6.0,4.0,3.0,4.0,0.0,2.0,19.0,2011-12
O,50000000000000.0,Stanislaus,E,0.0,4.0,2.0,2.0,3.0,0.0,0.0,11.0,2011-12
O,50000000000000.0,Stanislaus,E,5.0,47.0,58.0,55.0,74.0,2.0,28.0,264.0,2011-12
O,50000000000000.0,Stanislaus,E,1.0,0.0,0.0,0.0,3.0,0.0,2.0,5.0,2011-12
O,50000000000000.0,Stanislaus,E,3.0,0.0,1.0,0.0,1.0,0.0,0.0,2.0,2011-12
O,50000000000000.0,Stanislaus,E,9.0,2.0,3.0,1.0,0.0,1.0,2.0,9.0,2011-12
O,50000000000000.0,Stanislaus,E,7.0,32.0,30.0,17.0,15.0,2.0,9.0,105.0,2011-12
O,50000000000000.0,Stanislaus,I,2.0,0.0,0.0,2.0,26.0,5.0,265.0,298.0,2011-12
O,50000000000000.0,Stanislaus,I,6.0,2.0,1.0,5.0,119.0,9.0,620.0,756.0,2011-12
O,50000000000000.0,Stanislaus,I,0.0,0.0,1.0,0.0,27.0,1.0,173.0,202.0,2011-12
O,50000000000000.0,Stanislaus,I,4.0,0.0,0.0,0.0,3.0,0.0,41.0,44.0,2011-12
O,50000000000000.0,Stanislaus,I,5.0,13.0,2.0,43.0,865.0,77.0,6328.0,7328.0,2011-12
O,50000000000000.0,Stanislaus,I,1.0,0.0,0.0,0.0,13.0,1.0,70.0,84.0,2011-12
O,50000000000000.0,Stanislaus,I,3.0,0.0,0.0,0.0,12.0,1.0,58.0,71.0,2011-12
O,50000000000000.0,Stanislaus,I,9.0,0.0,0.0,1.0,41.0,4.0,261.0,307.0,2011-12
O,50000000000000.0,Stanislaus,I,7.0,4.0,1.0,18.0,342.0,40.0,2225.0,2630.0,2011-12
O,50000000000000.0,Stanislaus,O,2.0,14.0,32.0,12.0,101.0,11.0,80.0,250.0,2011-12
O,50000000000000.0,Stanislaus,O,6.0,24.0,76.0,71.0,533.0,36.0,332.0,1072.0,2011-12
O,50000000000000.0,Stanislaus,O,0.0,5.0,19.0,11.0,85.0,7.0,84.0,211.0,2011-12
O,50000000000000.0,Stanislaus,O,4.0,0.0,7.0,2.0,25.0,2.0,23.0,59.0,2011-12
O,50000000000000.0,Stanislaus,O,5.0,205.0,681.0,548.0,3308.0,285.0,2937.0,7964.0,2011-12
O,50000000000000.0,Stanislaus,O,1.0,3.0,9.0,10.0,44.0,4.0,53.0,123.0,2011-12
O,50000000000000.0,Stanislaus,O,3.0,4.0,15.0,11.0,36.0,4.0,34.0,104.0,2011-12
O,50000000000000.0,Stanislaus,O,9.0,9.0,38.0,20.0,188.0,15.0,109.0,379.0,2011-12
O,50000000000000.0,Stanislaus,O,7.0,111.0,331.0,309.0,1499.0,154.0,1264.0,3668.0,2011-12
O,51000000000000.0,Sutter,E,2.0,0.0,4.0,1.0,0.0,0.0,0.0,5.0,2011-12
O,51000000000000.0,Sutter,E,6.0,0.0,8.0,1.0,0.0,0.0,3.0,12.0,2011-12
O,51000000000000.0,Sutter,E,4.0,0.0,0.0,1.0,0.0,0.0,0.0,1.0,2011-12
O,51000000000000.0,Sutter,E,5.0,5.0,22.0,14.0,6.0,1.0,5.0,53.0,2011-12
O,51000000000000.0,Sutter,E,1.0,1.0,1.0,0.0,0.0,0.0,0.0,2.0,2011-12
O,51000000000000.0,Sutter,E,9.0,0.0,2.0,4.0,0.0,0.0,2.0,8.0,2011-12
O,51000000000000.0,Sutter,E,7.0,2.0,19.0,7.0,3.0,0.0,2.0,33.0,2011-12
O,51000000000000.0,Sutter,I,2.0,0.0,0.0,4.0,9.0,3.0,20.0,36.0,2011-12
O,51000000000000.0,Sutter,I,6.0,0.0,0.0,2.0,7.0,0.0,50.0,59.0,2011-12
O,51000000000000.0,Sutter,I,0.0,0.0,0.0,0.0,1.0,0.0,0.0,1.0,2011-12
O,51000000000000.0,Sutter,I,4.0,0.0,0.0,0.0,0.0,0.0,1.0,1.0,2011-12
O,51000000000000.0,Sutter,I,5.0,3.0,1.0,15.0,46.0,4.0,301.0,370.0,2011-12
O,51000000000000.0,Sutter,I,1.0,0.0,0.0,1.0,2.0,1.0,10.0,14.0,2011-12
O,51000000000000.0,Sutter,I,3.0,0.0,0.0,0.0,0.0,0.0,1.0,1.0,2011-12
O,51000000000000.0,Sutter,I,9.0,1.0,0.0,2.0,4.0,1.0,23.0,31.0,2011-12
O,51000000000000.0,Sutter,I,7.0,2.0,1.0,20.0,48.0,7.0,185.0,263.0,2011-12
O,51000000000000.0,Sutter,O,2.0,2.0,9.0,31.0,16.0,4.0,61.0,123.0,2011-12
O,51000000000000.0,Sutter,O,6.0,1.0,7.0,36.0,16.0,7.0,53.0,120.0,2011-12
O,51000000000000.0,Sutter,O,0.0,0.0,2.0,9.0,1.0,0.0,6.0,18.0,2011-12
O,51000000000000.0,Sutter,O,4.0,0.0,0.0,6.0,1.0,0.0,0.0,7.0,2011-12
O,51000000000000.0,Sutter,O,5.0,20.0,82.0,244.0,149.0,33.0,465.0,993.0,2011-12
O,51000000000000.0,Sutter,O,1.0,1.0,2.0,17.0,6.0,0.0,12.0,38.0,2011-12
O,51000000000000.0,Sutter,O,3.0,0.0,1.0,0.0,1.0,0.0,0.0,2.0,2011-12
O,51000000000000.0,Sutter,O,9.0,5.0,11.0,43.0,21.0,11.0,46.0,137.0,2011-12
O,51000000000000.0,Sutter,O,7.0,37.0,85.0,271.0,144.0,42.0,429.0,1008.0,2011-12
O,52000000000000.0,Tehama,E,5.0,3.0,0.0,0.0,1.0,0.0,0.0,4.0,2011-12
O,52000000000000.0,Tehama,E,7.0,3.0,1.0,0.0,1.0,0.0,1.0,6.0,2011-12
O,52000000000000.0,Tehama,I,2.0,0.0,0.0,0.0,0.0,0.0,0.0,0.0,2011-12
O,52000000000000.0,Tehama,I,6.0,0.0,0.0,0.0,0.0,0.0,2.0,2.0,2011-12
O,52000000000000.0,Tehama,I,0.0,0.0,0.0,1.0,0.0,0.0,0.0,1.0,2011-12
O,52000000000000.0,Tehama,I,4.0,0.0,0.0,0.0,0.0,0.0,0.0,0.0,2011-12
O,52000000000000.0,Tehama,I,5.0,0.0,0.0,1.0,14.0,0.0,22.0,37.0,2011-12
O,52000000000000.0,Tehama,I,1.0,0.0,0.0,0.0,5.0,0.0,7.0,12.0,2011-12
O,52000000000000.0,Tehama,I,3.0,0.0,0.0,0.0,0.0,0.0,1.0,1.0,2011-12
O,52000000000000.0,Tehama,I,9.0,0.0,0.0,0.0,2.0,0.0,3.0,5.0,2011-12
O,52000000000000.0,Tehama,I,7.0,0.0,0.0,5.0,34.0,0.0,46.0,85.0,2011-12
O,52000000000000.0,Tehama,O,2.0,0.0,0.0,0.0,0.0,0.0,1.0,1.0,2011-12
O,52000000000000.0,Tehama,O,6.0,1.0,0.0,1.0,4.0,0.0,5.0,11.0,2011-12
O,52000000000000.0,Tehama,O,0.0,0.0,3.0,0.0,1.0,0.0,0.0,4.0,2011-12
O,52000000000000.0,Tehama,O,4.0,2.0,0.0,0.0,0.0,0.0,0.0,2.0,2011-12
O,52000000000000.0,Tehama,O,5.0,7.0,14.0,25.0,124.0,11.0,97.0,278.0,2011-12
O,52000000000000.0,Tehama,O,1.0,0.0,2.0,3.0,8.0,1.0,27.0,41.0,2011-12
O,52000000000000.0,Tehama,O,3.0,0.0,1.0,0.0,1.0,0.0,0.0,2.0,2011-12
O,52000000000000.0,Tehama,O,9.0,0.0,2.0,3.0,8.0,2.0,12.0,27.0,2011-12
O,52000000000000.0,Tehama,O,7.0,14.0,44.0,76.0,328.0,26.0,264.0,752.0,2011-12
O,53000000000000.0,Trinity,I,6.0,0.0,0.0,0.0,3.0,0.0,0.0,3.0,2011-12
O,53000000000000.0,Trinity,I,5.0,0.0,0.0,0.0,4.0,2.0,0.0,6.0,2011-12
O,53000000000000.0,Trinity,I,1.0,0.0,0.0,0.0,3.0,1.0,0.0,4.0,2011-12
O,53000000000000.0,Trinity,I,3.0,0.0,0.0,0.0,0.0,0.0,0.0,0.0,2011-12
O,53000000000000.0,Trinity,I,9.0,0.0,2.0,0.0,4.0,3.0,0.0,9.0,2011-12
O,53000000000000.0,Trinity,I,7.0,0.0,8.0,9.0,33.0,22.0,38.0,110.0,2011-12
O,53000000000000.0,Trinity,O,6.0,0.0,0.0,0.0,0.0,1.0,0.0,1.0,2011-12
O,53000000000000.0,Trinity,O,5.0,0.0,1.0,6.0,6.0,3.0,9.0,25.0,2011-12
O,53000000000000.0,Trinity,O,1.0,0.0,3.0,1.0,6.0,1.0,7.0,18.0,2011-12
O,53000000000000.0,Trinity,O,3.0,0.0,0.0,0.0,0.0,1.0,1.0,2.0,2011-12
O,53000000000000.0,Trinity,O,9.0,0.0,2.0,2.0,0.0,3.0,7.0,14.0,2011-12
O,53000000000000.0,Trinity,O,7.0,1.0,15.0,14.0,29.0,17.0,68.0,144.0,2011-12
O,54000000000000.0,Tulare,E,2.0,0.0,1.0,0.0,0.0,0.0,0.0,1.0,2011-12
O,54000000000000.0,Tulare,E,6.0,0.0,1.0,1.0,2.0,0.0,0.0,4.0,2011-12
O,54000000000000.0,Tulare,E,0.0,0.0,0.0,0.0,1.0,0.0,0.0,1.0,2011-12
O,54000000000000.0,Tulare,E,5.0,15.0,26.0,15.0,18.0,5.0,7.0,86.0,2011-12
O,54000000000000.0,Tulare,E,1.0,1.0,0.0,0.0,0.0,0.0,0.0,1.0,2011-12
O,54000000000000.0,Tulare,E,7.0,4.0,2.0,1.0,4.0,0.0,0.0,11.0,2011-12
O,54000000000000.0,Tulare,I,2.0,0.0,0.0,1.0,4.0,0.0,8.0,13.0,2011-12
O,54000000000000.0,Tulare,I,6.0,4.0,2.0,3.0,26.0,2.0,41.0,78.0,2011-12
O,54000000000000.0,Tulare,I,0.0,0.0,0.0,1.0,5.0,0.0,5.0,11.0,2011-12
O,54000000000000.0,Tulare,I,4.0,0.0,0.0,0.0,0.0,0.0,0.0,0.0,2011-12
O,54000000000000.0,Tulare,I,5.0,16.0,66.0,34.0,339.0,45.0,570.0,1070.0,2011-12
O,54000000000000.0,Tulare,I,1.0,0.0,0.0,0.0,4.0,0.0,5.0,9.0,2011-12
O,54000000000000.0,Tulare,I,3.0,0.0,0.0,0.0,0.0,0.0,1.0,1.0,2011-12
O,54000000000000.0,Tulare,I,9.0,0.0,1.0,2.0,1.0,0.0,2.0,6.0,2011-12
O,54000000000000.0,Tulare,I,7.0,12.0,7.0,8.0,69.0,14.0,97.0,207.0,2011-12
O,54000000000000.0,Tulare,O,2.0,2.0,16.0,21.0,42.0,1.0,50.0,132.0,2011-12
O,54000000000000.0,Tulare,O,6.0,4.0,35.0,59.0,153.0,18.0,168.0,437.0,2011-12
O,54000000000000.0,Tulare,O,0.0,0.0,7.0,12.0,19.0,4.0,31.0,73.0,2011-12
O,54000000000000.0,Tulare,O,4.0,0.0,0.0,1.0,4.0,1.0,1.0,7.0,2011-12
O,54000000000000.0,Tulare,O,5.0,165.0,800.0,707.0,2121.0,340.0,2701.0,6834.0,2011-12
O,54000000000000.0,Tulare,O,1.0,5.0,17.0,25.0,47.0,5.0,65.0,164.0,2011-12
O,54000000000000.0,Tulare,O,3.0,0.0,0.0,2.0,6.0,0.0,4.0,12.0,2011-12
O,54000000000000.0,Tulare,O,9.0,1.0,12.0,14.0,37.0,10.0,48.0,122.0,2011-12
O,54000000000000.0,Tulare,O,7.0,51.0,184.0,162.0,509.0,112.0,598.0,1616.0,2011-12
O,55000000000000.0,Tuolumne,E,6.0,0.0,0.0,0.0,2.0,0.0,0.0,2.0,2011-12
O,55000000000000.0,Tuolumne,E,0.0,1.0,3.0,2.0,0.0,0.0,0.0,6.0,2011-12
O,55000000000000.0,Tuolumne,E,5.0,0.0,1.0,1.0,1.0,0.0,0.0,3.0,2011-12
O,55000000000000.0,Tuolumne,E,9.0,0.0,0.0,0.0,1.0,0.0,1.0,2.0,2011-12
O,55000000000000.0,Tuolumne,E,7.0,8.0,15.0,4.0,7.0,0.0,2.0,36.0,2011-12
O,55000000000000.0,Tuolumne,I,2.0,0.0,0.0,0.0,0.0,0.0,0.0,0.0,2011-12
O,55000000000000.0,Tuolumne,I,6.0,0.0,0.0,0.0,0.0,0.0,0.0,0.0,2011-12
O,55000000000000.0,Tuolumne,I,0.0,0.0,0.0,0.0,0.0,0.0,0.0,0.0,2011-12
O,55000000000000.0,Tuolumne,I,4.0,0.0,0.0,0.0,0.0,0.0,1.0,1.0,2011-12
O,55000000000000.0,Tuolumne,I,5.0,0.0,0.0,0.0,6.0,1.0,9.0,16.0,2011-12
O,55000000000000.0,Tuolumne,I,1.0,0.0,0.0,0.0,0.0,1.0,0.0,1.0,2011-12
O,55000000000000.0,Tuolumne,I,3.0,0.0,0.0,0.0,1.0,0.0,0.0,1.0,2011-12
O,55000000000000.0,Tuolumne,I,9.0,0.0,0.0,0.0,0.0,0.0,0.0,0.0,2011-12
O,55000000000000.0,Tuolumne,I,7.0,0.0,0.0,0.0,11.0,3.0,33.0,47.0,2011-12
O,55000000000000.0,Tuolumne,O,2.0,0.0,0.0,0.0,1.0,0.0,4.0,5.0,2011-12
O,55000000000000.0,Tuolumne,O,6.0,0.0,1.0,1.0,7.0,0.0,9.0,18.0,2011-12
O,55000000000000.0,Tuolumne,O,0.0,1.0,11.0,10.0,21.0,8.0,85.0,136.0,2011-12
O,55000000000000.0,Tuolumne,O,4.0,0.0,0.0,0.0,2.0,0.0,4.0,6.0,2011-12
O,55000000000000.0,Tuolumne,O,5.0,2.0,10.0,2.0,47.0,11.0,78.0,150.0,2011-12
O,55000000000000.0,Tuolumne,O,1.0,3.0,5.0,0.0,14.0,2.0,31.0,55.0,2011-12
O,55000000000000.0,Tuolumne,O,3.0,0.0,1.0,0.0,1.0,0.0,3.0,5.0,2011-12
O,55000000000000.0,Tuolumne,O,9.0,0.0,0.0,2.0,16.0,0.0,8.0,26.0,2011-12
O,55000000000000.0,Tuolumne,O,7.0,18.0,56.0,30.0,224.0,27.0,450.0,805.0,2011-12
O,56000000000000.0,Ventura,E,2.0,0.0,1.0,0.0,0.0,0.0,0.0,1.0,2011-12
O,56000000000000.0,Ventura,E,6.0,1.0,0.0,0.0,1.0,1.0,0.0,3.0,2011-12
O,56000000000000.0,Ventura,E,4.0,2.0,0.0,0.0,0.0,1.0,0.0,3.0,2011-12
O,56000000000000.0,Ventura,E,5.0,56.0,42.0,19.0,27.0,6.0,10.0,160.0,2011-12
O,56000000000000.0,Ventura,E,3.0,0.0,1.0,0.0,0.0,1.0,0.0,2.0,2011-12
O,56000000000000.0,Ventura,E,9.0,0.0,0.0,0.0,0.0,2.0,0.0,2.0,2011-12
O,56000000000000.0,Ventura,E,7.0,14.0,22.0,6.0,4.0,0.0,0.0,46.0,2011-12
O,56000000000000.0,Ventura,I,2.0,0.0,0.0,1.0,3.0,1.0,28.0,33.0,2011-12
O,56000000000000.0,Ventura,I,6.0,0.0,1.0,4.0,5.0,1.0,103.0,114.0,2011-12
O,56000000000000.0,Ventura,I,4.0,0.0,0.0,3.0,3.0,0.0,21.0,27.0,2011-12
O,56000000000000.0,Ventura,I,5.0,13.0,30.0,170.0,129.0,46.0,2289.0,2677.0,2011-12
O,56000000000000.0,Ventura,I,1.0,0.0,2.0,0.0,1.0,1.0,28.0,32.0,2011-12
O,56000000000000.0,Ventura,I,3.0,0.0,0.0,0.0,0.0,0.0,14.0,14.0,2011-12
O,56000000000000.0,Ventura,I,9.0,0.0,1.0,3.0,0.0,0.0,27.0,31.0,2011-12
O,56000000000000.0,Ventura,I,7.0,3.0,20.0,21.0,50.0,13.0,955.0,1062.0,2011-12
O,56000000000000.0,Ventura,O,2.0,4.0,11.0,15.0,38.0,8.0,35.0,111.0,2011-12
O,56000000000000.0,Ventura,O,6.0,4.0,34.0,48.0,107.0,31.0,125.0,349.0,2011-12
O,56000000000000.0,Ventura,O,4.0,2.0,7.0,10.0,26.0,8.0,18.0,71.0,2011-12
O,56000000000000.0,Ventura,O,5.0,175.0,891.0,1036.0,2090.0,502.0,2641.0,7335.0,2011-12
O,56000000000000.0,Ventura,O,1.0,1.0,6.0,8.0,19.0,3.0,31.0,68.0,2011-12
O,56000000000000.0,Ventura,O,3.0,0.0,4.0,5.0,14.0,4.0,6.0,33.0,2011-12
O,56000000000000.0,Ventura,O,9.0,5.0,9.0,18.0,44.0,6.0,40.0,122.0,2011-12
O,56000000000000.0,Ventura,O,7.0,82.0,298.0,215.0,772.0,184.0,962.0,2513.0,2011-12
O,57000000000000.0,Yolo,E,2.0,1.0,0.0,0.0,0.0,0.0,0.0,1.0,2011-12
O,57000000000000.0,Yolo,E,6.0,1.0,1.0,3.0,1.0,0.0,0.0,6.0,2011-12
O,57000000000000.0,Yolo,E,5.0,6.0,11.0,5.0,4.0,0.0,3.0,29.0,2011-12
O,57000000000000.0,Yolo,E,9.0,1.0,0.0,0.0,0.0,0.0,0.0,1.0,2011-12
O,57000000000000.0,Yolo,E,7.0,3.0,1.0,1.0,2.0,0.0,0.0,7.0,2011-12
O,57000000000000.0,Yolo,I,2.0,0.0,2.0,2.0,5.0,0.0,19.0,28.0,2011-12
O,57000000000000.0,Yolo,I,6.0,0.0,0.0,0.0,7.0,1.0,21.0,29.0,2011-12
O,57000000000000.0,Yolo,I,0.0,0.0,0.0,0.0,0.0,0.0,1.0,1.0,2011-12
O,57000000000000.0,Yolo,I,4.0,0.0,0.0,0.0,1.0,0.0,4.0,5.0,2011-12
O,57000000000000.0,Yolo,I,5.0,4.0,6.0,37.0,82.0,14.0,284.0,427.0,2011-12
O,57000000000000.0,Yolo,I,1.0,0.0,0.0,0.0,1.0,1.0,2.0,4.0,2011-12
O,57000000000000.0,Yolo,I,3.0,0.0,0.0,0.0,1.0,0.0,7.0,8.0,2011-12
O,57000000000000.0,Yolo,I,9.0,0.0,2.0,2.0,4.0,1.0,18.0,27.0,2011-12
O,57000000000000.0,Yolo,I,7.0,0.0,7.0,20.0,42.0,8.0,183.0,260.0,2011-12
O,57000000000000.0,Yolo,O,2.0,2.0,16.0,6.0,22.0,0.0,23.0,69.0,2011-12
O,57000000000000.0,Yolo,O,6.0,5.0,25.0,32.0,90.0,4.0,71.0,227.0,2011-12
O,57000000000000.0,Yolo,O,0.0,0.0,0.0,0.0,0.0,0.0,0.0,0.0,2011-12
O,57000000000000.0,Yolo,O,4.0,0.0,2.0,0.0,4.0,1.0,7.0,14.0,2011-12
O,57000000000000.0,Yolo,O,5.0,53.0,181.0,209.0,697.0,44.0,832.0,2016.0,2011-12
O,57000000000000.0,Yolo,O,1.0,0.0,1.0,4.0,29.0,2.0,9.0,45.0,2011-12
O,57000000000000.0,Yolo,O,3.0,1.0,1.0,1.0,11.0,0.0,10.0,24.0,2011-12
O,57000000000000.0,Yolo,O,9.0,6.0,11.0,7.0,40.0,2.0,37.0,103.0,2011-12
O,57000000000000.0,Yolo,O,7.0,28.0,94.0,110.0,386.0,34.0,355.0,1007.0,2011-12
O,58000000000000.0,Yuba,E,2.0,0.0,1.0,0.0,2.0,0.0,0.0,3.0,2011-12
O,58000000000000.0,Yuba,E,6.0,1.0,4.0,1.0,3.0,0.0,0.0,9.0,2011-12
O,58000000000000.0,Yuba,E,0.0,0.0,0.0,0.0,0.0,0.0,1.0,1.0,2011-12
O,58000000000000.0,Yuba,E,5.0,3.0,10.0,5.0,15.0,0.0,3.0,36.0,2011-12
O,58000000000000.0,Yuba,E,1.0,0.0,2.0,0.0,4.0,0.0,0.0,6.0,2011-12
O,58000000000000.0,Yuba,E,3.0,0.0,0.0,0.0,1.0,0.0,0.0,1.0,2011-12
O,58000000000000.0,Yuba,E,9.0,0.0,0.0,0.0,5.0,0.0,0.0,5.0,2011-12
O,58000000000000.0,Yuba,E,7.0,3.0,18.0,3.0,23.0,2.0,0.0,49.0,2011-12
O,58000000000000.0,Yuba,I,2.0,0.0,0.0,0.0,3.0,0.0,22.0,25.0,2011-12
O,58000000000000.0,Yuba,I,6.0,0.0,0.0,0.0,12.0,0.0,76.0,88.0,2011-12
O,58000000000000.0,Yuba,I,0.0,0.0,0.0,0.0,0.0,0.0,7.0,7.0,2011-12
O,58000000000000.0,Yuba,I,4.0,0.0,0.0,0.0,0.0,0.0,0.0,0.0,2011-12
O,58000000000000.0,Yuba,I,5.0,0.0,0.0,0.0,57.0,2.0,360.0,419.0,2011-12
O,58000000000000.0,Yuba,I,1.0,0.0,0.0,0.0,6.0,0.0,40.0,46.0,2011-12
O,58000000000000.0,Yuba,I,3.0,0.0,0.0,0.0,0.0,1.0,12.0,13.0,2011-12
O,58000000000000.0,Yuba,I,9.0,0.0,0.0,0.0,5.0,0.0,31.0,36.0,2011-12
O,58000000000000.0,Yuba,I,7.0,0.0,0.0,3.0,77.0,4.0,433.0,517.0,2011-12
O,58000000000000.0,Yuba,O,2.0,2.0,2.0,0.0,26.0,3.0,8.0,41.0,2011-12
O,58000000000000.0,Yuba,O,6.0,8.0,7.0,1.0,70.0,3.0,71.0,160.0,2011-12
O,58000000000000.0,Yuba,O,0.0,0.0,2.0,0.0,4.0,0.0,4.0,10.0,2011-12
O,58000000000000.0,Yuba,O,4.0,0.0,1.0,0.0,4.0,0.0,0.0,5.0,2011-12
O,58000000000000.0,Yuba,O,5.0,15.0,31.0,3.0,277.0,20.0,225.0,571.0,2011-12
O,58000000000000.0,Yuba,O,1.0,6.0,11.0,0.0,47.0,3.0,48.0,115.0,2011-12
O,58000000000000.0,Yuba,O,3.0,0.0,0.0,1.0,12.0,2.0,10.0,25.0,2011-12
O,58000000000000.0,Yuba,O,9.0,3.0,5.0,0.0,28.0,1.0,19.0,56.0,2011-12
O,58000000000000.0,Yuba,O,7.0,41.0,65.0,16.0,498.0,32.0,324.0,976.0,2011-12
